id,packet_size_avg,packet_size_sum,timestamp,device_name,device_id
1,64.625,679,2023-04-29 18:24:46.839545088,silent-meter-152,dev-38369
2,64.625,679,2023-12-25 14:00:06.615001088,tiny-thermo-839,dev-87348
3,64.625,679,2023-03-11 01:26:11.038994688,silent-meter-837,dev-15917
4,64.625,679,2023-09-02 00:38:39.535471616,bright-relay-105,dev-34485
5,64.625,679,2023-07-20 12:45:22.752753408,silent-thermo-738,dev-24805
6,64.625,679,2023-11-12 22:02:28.233900288,bright-tracker-741,dev-55816
7,64.625,679,2023-06-15 21:37:53.456950272,fast-meter-382,dev-66327
8,64.625,679,2023-02-11 13:01:14.439558144,fast-cam-108,dev-31486
9,64.625,679,2023-05-06 04:37:39.078503168,bright-relay-562,dev-87604
10,64.625,679,2023-02-02 05:23:10.129719552,tiny-relay-321,dev-95998
11,64.625,679,2023-07-24 06:52:54.168112128,sharp-thermo-920,dev-86650
12,64.625,679,2023-09-27 04:33:16.082789632,bright-thermo-463,dev-89640
13,64.625,679,2023-07-06 05:02:01.016708352,tiny-tracker-884,dev-755
14,64.625,679,2023-10-06 18:13:14.922493952,sharp-gateway-658,dev-20842
15,64.625,679,2023-05-24 04:14:51.939716096,sharp-gateway-581,dev-72238
16,64.625,679,2023-04-17 14:42:46.315256832,bright-meter-204,dev-62655
17,64.625,679,2023-10-22 19:47:38.256069888,bright-thermo-438,dev-18437
18,64.625,679,2023-08-11 08:43:16.260311040,smart-tracker-784,dev-53806
19,64.625,679,2023-11-16 00:51:55.260473344,fast-gateway-886,dev-95082
20,64.625,679,2023-06-27 02:24:14.317837056,silent-gateway-414,dev-46301
21,64.625,679,2023-05-13 16:59:23.889109760,bright-cam-991,dev-27416
22,64.625,679,2023-11-24 03:55:13.978599936,tiny-cam-892,dev-49261
23,64.625,679,2023-04-15 23:04:46.088246272,fast-meter-911,dev-81502
24,64.625,679,2023-02-08 20:24:37.265315840,fast-tracker-387,dev-586
25,64.625,679,2023-01-22 08:10:31.882813184,silent-gateway-598,dev-49461
26,64.625,679,2023-04-29 22:23:57.541057792,sharp-meter-904,dev-26125
27,64.625,679,2023-10-19 20:28:25.255720192,sharp-relay-736,dev-32784
28,64.625,679,2023-09-01 17:09:42.095428864,bright-gateway-488,dev-725
29,64.625,679,2023-03-03 07:08:06.727351296,smart-relay-292,dev-72765
30,64.625,679,2023-04-08 13:30:47.086823936,fast-tracker-494,dev-17299
31,64.625,679,2023-09-27 04:44:36.462809088,fast-relay-491,dev-67054
32,64.625,679,2023-11-07 09:30:53.280349440,tiny-cam-766,dev-23235
33,64.625,679,2023-10-14 17:24:41.906600448,fast-tracker-330,dev-88738
34,64.625,679,2023-01-24 23:27:17.904114688,sharp-meter-160,dev-72966
35,64.625,679,2023-09-24 05:06:59.207956480,fast-relay-194,dev-10041
36,64.625,679,2023-12-18 00:39:18.922114560,silent-tracker-373,dev-6762
37,64.625,679,2023-09-25 08:29:38.120433152,silent-meter-111,dev-19711
38,64.625,679,2023-07-16 20:56:44.383983360,sharp-tracker-612,dev-73326
39,64.625,679,2023-07-10 15:50:18.459318528,fast-thermo-139,dev-47041
40,64.625,679,2023-06-29 02:49:44.160459008,sharp-meter-498,dev-79982
41,64.625,679,2023-11-07 18:04:45.046001664,fast-tracker-173,dev-85271
42,64.625,679,2023-11-24 13:46:45.859927552,silent-thermo-860,dev-24171
43,64.625,679,2023-02-22 13:16:06.834812160,smart-tracker-196,dev-14010
44,64.625,679,2023-11-09 21:32:57.817992448,tiny-gateway-291,dev-77154
45,64.625,679,2023-09-02 03:18:23.427318784,tiny-tracker-222,dev-48607
46,64.625,679,2023-11-23 03:44:58.890348544,bright-relay-283,dev-66064
47,64.625,679,2023-08-29 12:14:31.562568448,sharp-tracker-186,dev-48061
48,64.625,679,2023-03-29 00:38:05.540021504,sharp-meter-630,dev-59260
49,64.625,679,2023-07-30 20:15:38.347886336,tiny-cam-603,dev-84081
50,64.625,679,2023-07-09 06:48:07.834595584,silent-cam-803,dev-8352
51,64.625,679,2023-12-06 06:06:16.558957824,sharp-thermo-576,dev-77080
52,64.625,679,2023-11-28 22:52:16.182390272,silent-relay-789,dev-44500
53,64.625,679,2023-07-07 05:11:53.157887488,sharp-thermo-792,dev-93334
54,64.625,679,2023-09-15 09:36:02.758572032,silent-meter-692,dev-64600
55,64.625,679,2023-01-03 08:35:36.443975424,sharp-gateway-261,dev-24403
56,64.625,679,2023-08-06 06:15:59.373013760,bright-relay-431,dev-78864
57,64.625,679,2023-07-21 15:36:46.159211008,fast-meter-910,dev-1424
58,64.625,679,2023-10-05 22:09:56.161004800,tiny-meter-695,dev-2292
59,64.625,679,2023-09-29 03:30:15.582509056,sharp-thermo-317,dev-78530
60,64.625,679,2023-08-30 09:40:38.564151552,sharp-thermo-128,dev-63789
61,64.625,679,2023-10-14 00:51:23.343588864,sharp-thermo-808,dev-74838
62,64.625,679,2023-01-17 10:52:59.210680320,fast-thermo-180,dev-66485
63,64.625,679,2023-05-16 22:33:48.657118720,fast-cam-818,dev-46228
64,64.625,679,2023-09-03 11:16:51.664307200,bright-relay-336,dev-19191
65,64.625,679,2023-03-19 16:51:36.510766848,silent-cam-731,dev-63475
66,64.625,679,2023-06-26 14:54:11.047742208,tiny-tracker-503,dev-42819
67,64.625,679,2023-10-22 05:32:41.018516992,smart-cam-612,dev-5295
68,64.625,679,2023-02-03 16:14:51.006868736,bright-meter-408,dev-42439
69,64.625,679,2023-07-14 08:19:19.020894720,fast-cam-673,dev-54753
70,64.625,679,2023-11-09 06:43:57.083596288,smart-gateway-527,dev-95976
71,64.625,679,2023-05-09 07:29:48.501679616,smart-gateway-262,dev-53095
72,64.625,679,2023-03-18 15:47:51.118879744,silent-gateway-594,dev-85634
73,64.625,679,2023-11-21 19:23:43.038048512,fast-relay-902,dev-18603
74,64.625,679,2023-04-28 13:03:05.277955072,silent-thermo-946,dev-72789
75,64.625,679,2023-03-24 22:52:33.283980288,silent-cam-798,dev-85648
76,64.625,679,2023-08-18 02:33:59.343646976,smart-gateway-543,dev-64825
77,64.625,679,2023-11-30 21:00:51.826324480,silent-tracker-236,dev-34138
78,64.625,679,2023-03-26 21:44:10.750038528,bright-tracker-518,dev-95093
79,64.625,679,2023-03-01 19:47:21.422771456,silent-gateway-311,dev-47735
80,64.625,679,2023-05-05 19:51:39.182942208,smart-cam-633,dev-63220
81,64.625,679,2023-07-17 15:45:14.468747520,bright-cam-159,dev-30727
82,64.625,679,2023-07-26 19:36:34.951843072,bright-meter-808,dev-81734
83,64.625,679,2023-03-26 07:50:17.869923328,silent-cam-325,dev-50232
84,64.625,679,2023-04-13 10:02:52.368101120,tiny-meter-285,dev-61058
85,64.625,679,2023-05-31 05:06:09.373682432,fast-gateway-735,dev-5195
86,64.625,679,2023-08-14 14:15:17.709710336,smart-thermo-193,dev-45361
87,64.625,679,2023-03-24 16:49:53.379407360,sharp-thermo-801,dev-8960
88,64.625,679,2023-12-06 19:22:02.570820608,smart-gateway-477,dev-82505
89,64.625,679,2023-05-02 18:14:30.609995264,tiny-meter-905,dev-89843
90,64.625,679,2023-03-21 06:33:32.157703424,fast-cam-409,dev-31359
91,64.625,679,2023-10-08 10:14:46.004679680,tiny-cam-339,dev-70433
92,64.625,679,2023-12-26 20:01:32.528679680,fast-cam-645,dev-80184
93,64.625,679,2023-08-02 08:06:34.413560320,tiny-tracker-361,dev-7584
94,64.625,679,2023-06-11 17:44:51.342497280,fast-tracker-135,dev-8579
95,64.625,679,2023-05-08 11:43:04.052517632,tiny-meter-355,dev-47365
96,64.625,679,2023-02-24 19:05:04.157614592,bright-gateway-148,dev-72695
97,64.625,679,2023-09-05 02:15:13.721397248,sharp-meter-463,dev-54541
98,64.625,679,2023-12-19 04:00:55.110741504,sharp-cam-122,dev-49305
99,64.625,679,2023-12-18 22:54:03.006553088,fast-thermo-729,dev-26635
100,64.625,679,2023-01-25 12:40:31.535937024,smart-tracker-643,dev-37789
101,64.625,679,2023-09-13 02:10:11.296026624,tiny-relay-213,dev-21912
102,64.625,679,2023-09-17 13:09:41.268515584,fast-thermo-522,dev-2465
103,64.625,679,2023-05-05 08:57:14.989584896,tiny-cam-271,dev-85466
104,64.625,679,2023-12-11 01:50:40.269574656,sharp-cam-548,dev-95638
105,64.625,679,2023-06-07 16:28:32.988887552,bright-relay-258,dev-95521
106,64.625,679,2023-09-25 05:27:22.794202368,silent-gateway-953,dev-69564
107,64.625,679,2023-04-30 22:48:08.278667776,sharp-meter-569,dev-62447
108,64.625,679,2023-11-21 06:40:43.885573120,fast-thermo-380,dev-73238
109,64.625,679,2023-12-14 01:37:32.885431296,silent-thermo-355,dev-40913
110,64.625,679,2023-11-14 21:36:56.792896768,smart-relay-162,dev-67663
111,64.625,679,2023-08-08 10:24:14.266447616,smart-meter-895,dev-21671
112,64.625,679,2023-02-07 11:36:56.413640704,sharp-relay-187,dev-73933
113,64.625,679,2023-07-25 23:49:56.108861696,tiny-meter-212,dev-52514
114,64.625,679,2023-01-14 13:35:31.894418432,sharp-thermo-908,dev-64168
115,64.625,679,2023-07-15 01:59:16.062070016,smart-meter-155,dev-73062
116,64.5,645,2023-08-15 16:38:38.080222720,smart-gateway-773,dev-81506
117,64.625,679,2023-03-22 07:22:27.201968384,sharp-relay-374,dev-1335
118,64.625,679,2023-12-14 08:51:59.684928256,bright-meter-556,dev-18953
119,64.625,679,2023-02-13 18:42:12.821564160,silent-tracker-343,dev-18338
120,64.625,679,2023-02-07 15:37:06.610908160,bright-relay-220,dev-47301
121,64.625,679,2023-12-14 13:35:03.685050368,smart-cam-625,dev-19757
122,64.625,679,2023-07-02 19:35:48.393137920,bright-cam-924,dev-26566
123,64.625,679,2023-09-23 21:35:29.347173376,smart-cam-850,dev-51631
124,64.625,679,2023-06-09 14:43:19.899835904,tiny-relay-303,dev-62413
125,64.625,679,2023-06-28 23:08:39.273872896,tiny-cam-689,dev-76159
126,64.625,679,2023-12-11 08:53:36.711383296,smart-tracker-349,dev-43456
127,64.625,679,2023-10-01 17:47:46.596788224,bright-relay-766,dev-95987
128,64.625,679,2023-09-30 20:58:41.357819392,tiny-meter-754,dev-11302
129,64.625,679,2023-01-10 20:41:05.992028928,tiny-meter-461,dev-1640
130,64.625,679,2023-09-26 17:47:50.736884992,smart-meter-459,dev-96377
131,64.625,679,2023-08-21 11:09:00.983148032,silent-meter-212,dev-43041
132,0.0,0,2023-04-05 23:30:40.125210112,silent-meter-227,dev-29679
133,64.625,679,2023-03-14 15:23:01.528263936,tiny-gateway-180,dev-44858
134,64.625,679,2023-08-10 10:27:12.138258688,silent-gateway-439,dev-48549
135,64.625,679,2023-11-15 02:53:25.306477824,silent-tracker-127,dev-74660
136,64.625,679,2023-02-01 21:26:33.192011776,bright-gateway-957,dev-52559
137,64.625,679,2023-07-19 15:07:04.709856256,fast-tracker-311,dev-39295
138,64.625,679,2023-10-08 13:37:39.434818816,bright-tracker-420,dev-14570
139,0.0,0,2023-05-04 02:42:57.807300352,fast-gateway-250,dev-12136
140,64.625,679,2023-01-07 15:39:45.594757632,tiny-meter-879,dev-4493
141,64.625,679,2023-01-11 17:24:52.448909568,bright-relay-512,dev-99287
142,64.625,679,2023-08-27 12:46:48.370980864,silent-cam-669,dev-19433
143,64.625,679,2023-12-19 00:33:33.410145536,bright-gateway-928,dev-33570
144,64.625,679,2023-11-20 11:40:24.268502528,silent-gateway-326,dev-20492
145,64.625,679,2023-01-25 22:21:11.272854528,silent-gateway-686,dev-47028
146,64.625,679,2023-06-08 05:34:58.417052160,silent-tracker-472,dev-10417
147,64.625,679,2023-11-18 01:14:32.094992128,fast-gateway-217,dev-39855
148,64.625,679,2023-07-28 07:39:41.786353664,smart-meter-802,dev-15500
149,64.625,679,2023-10-13 03:36:33.425907712,bright-relay-230,dev-74021
150,64.625,679,2023-10-27 03:48:46.712633088,silent-gateway-144,dev-59049
151,64.625,679,2023-12-07 22:38:41.478747648,sharp-gateway-170,dev-28272
152,64.625,679,2023-02-13 17:44:36.378343424,smart-tracker-349,dev-43456
153,64.625,679,2023-06-20 19:06:23.773171968,bright-cam-713,dev-87239
154,64.625,679,2023-09-07 11:39:48.209872128,bright-relay-815,dev-15911
155,64.625,679,2023-10-02 10:25:31.920973312,bright-tracker-810,dev-57219
156,64.625,679,2023-08-15 22:32:27.458988288,fast-cam-343,dev-39047
157,64.625,679,2023-04-18 13:16:07.581403904,silent-meter-834,dev-96522
158,64.625,679,2023-05-13 04:47:45.187244544,smart-thermo-426,dev-80668
159,64.625,679,2023-02-15 18:17:39.275885056,bright-gateway-922,dev-2655
160,64.625,679,2023-10-06 23:45:52.673752064,fast-gateway-576,dev-95766
161,64.625,679,2023-08-03 13:09:45.728370944,smart-meter-928,dev-99401
162,64.625,679,2023-10-15 16:58:32.293466112,tiny-relay-669,dev-85239
163,64.625,679,2023-06-05 06:03:40.071055104,smart-cam-242,dev-71577
164,64.625,679,2023-11-14 06:56:48.396238848,sharp-meter-165,dev-40
165,64.625,679,2023-12-25 11:32:02.545871104,sharp-gateway-405,dev-14508
166,64.625,679,2023-12-29 20:36:39.148177664,tiny-tracker-118,dev-61766
167,64.625,679,2023-09-18 02:23:41.197780480,sharp-thermo-378,dev-74834
168,64.625,679,2023-04-10 11:31:32.884679680,tiny-cam-473,dev-58098
169,64.625,679,2023-10-04 09:51:14.836774656,bright-cam-649,dev-28414
170,64.625,679,2023-09-07 03:33:47.099663872,sharp-cam-103,dev-53191
171,64.625,679,2023-09-02 20:10:43.421283072,smart-meter-897,dev-67193
172,64.625,679,2023-08-24 08:29:06.829063424,tiny-cam-214,dev-16287
173,64.625,679,2023-08-15 14:12:44.189892608,tiny-meter-343,dev-97185
174,64.625,679,2023-07-17 17:01:27.236945920,bright-thermo-664,dev-49840
175,64.625,679,2023-08-29 20:00:05.773607680,tiny-tracker-642,dev-50373
176,64.625,679,2023-05-30 03:14:54.387150080,smart-tracker-711,dev-26056
177,64.625,679,2023-04-27 19:54:05.801234432,fast-cam-299,dev-45081
178,64.625,679,2023-07-13 09:43:54.367841024,silent-relay-137,dev-77665
179,64.625,679,2023-06-13 19:31:17.125531648,sharp-tracker-643,dev-97313
180,64.625,679,2023-08-16 22:42:56.555428608,bright-gateway-670,dev-86559
181,64.625,679,2023-08-01 01:40:27.676488448,bright-relay-980,dev-38126
182,64.625,679,2023-02-18 02:22:05.289802752,fast-cam-667,dev-34733
183,64.625,679,2023-10-20 12:04:17.396773632,bright-meter-926,dev-77399
184,64.625,679,2023-11-10 18:31:55.348950016,fast-gateway-556,dev-32436
185,64.625,679,2023-11-07 10:45:52.171068928,sharp-tracker-354,dev-26786
186,64.625,679,2023-06-08 13:36:51.409931008,tiny-tracker-258,dev-3744
187,64.625,679,2023-01-15 21:45:29.093413120,smart-relay-724,dev-18889
188,64.625,679,2023-01-03 06:35:09.929435136,bright-gateway-498,dev-67008
189,64.625,679,2023-02-14 16:43:20.473981440,tiny-cam-645,dev-9816
190,64.625,679,2023-08-28 05:05:47.600514816,tiny-gateway-486,dev-13421
191,64.625,679,2023-02-17 20:05:35.876736000,smart-relay-793,dev-17505
192,64.625,679,2023-08-12 09:57:43.965768960,fast-tracker-540,dev-37112
193,0.0,0,2023-01-03 21:07:52.083312896,silent-thermo-897,dev-26337
194,64.625,679,2023-01-22 19:51:22.071802880,tiny-cam-874,dev-28698
195,64.625,679,2023-11-03 16:08:41.363224576,smart-cam-412,dev-37133
196,64.625,679,2023-09-26 04:25:02.015373312,smart-cam-406,dev-65370
197,64.625,679,2023-07-21 08:09:15.465399552,tiny-cam-930,dev-59342
198,64.625,679,2023-11-29 16:00:16.644679680,smart-meter-210,dev-30798
199,64.625,679,2023-07-06 00:33:15.955118592,fast-tracker-541,dev-81291
200,64.625,679,2023-06-26 06:14:53.450478080,smart-tracker-757,dev-18019
201,10.0,140,2023-04-09 02:22:59.943878912,fast-relay-500,dev-63026
202,64.625,679,2023-03-21 22:36:17.512920832,silent-cam-507,dev-41572
203,64.625,679,2023-07-21 07:39:06.567923712,tiny-gateway-620,dev-263
204,64.625,679,2023-02-22 21:13:05.616883968,tiny-gateway-120,dev-50880
205,64.625,679,2023-07-16 13:31:46.424080384,silent-meter-330,dev-4717
206,64.625,679,2023-06-17 20:51:52.871784960,smart-cam-885,dev-59647
207,64.625,679,2023-04-25 05:20:31.718300672,silent-tracker-724,dev-37546
208,64.625,679,2023-07-06 13:22:55.587585280,sharp-cam-412,dev-4757
209,64.625,679,2023-02-09 21:55:22.709349376,silent-meter-154,dev-33888
210,64.625,679,2023-10-18 14:58:56.185383936,silent-thermo-112,dev-66306
211,64.625,679,2023-11-12 19:34:30.818792960,tiny-cam-711,dev-39935
212,64.625,679,2023-10-08 16:49:13.556105216,tiny-relay-675,dev-32923
213,64.625,679,2023-09-04 21:08:10.459059200,bright-meter-750,dev-45318
214,64.625,679,2023-05-04 08:30:43.915510272,fast-cam-108,dev-31486
215,64.625,679,2023-10-09 21:13:15.006351360,fast-thermo-496,dev-68285
216,64.625,679,2023-03-26 13:24:55.589855232,fast-relay-760,dev-99194
217,64.625,679,2023-12-08 17:21:11.727979264,smart-meter-508,dev-13220
218,64.625,679,2023-01-10 14:05:59.709618432,tiny-cam-299,dev-45576
219,64.625,679,2023-04-13 05:29:53.674960384,smart-relay-519,dev-6211
220,64.625,679,2023-10-29 01:55:01.473663744,silent-gateway-706,dev-79391
221,64.625,679,2023-03-21 23:12:28.542986752,bright-meter-225,dev-10757
222,64.625,679,2023-04-06 19:06:39.538751744,tiny-thermo-383,dev-51851
223,64.625,679,2023-02-24 13:54:19.776930048,sharp-meter-319,dev-86236
224,64.625,679,2023-07-19 18:35:45.791022848,tiny-cam-307,dev-63680
225,64.625,679,2023-08-17 16:31:48.932086528,bright-thermo-789,dev-52082
226,64.625,679,2023-09-16 14:27:22.601772288,smart-gateway-331,dev-23450
227,64.625,679,2023-01-06 15:01:45.343642368,sharp-thermo-913,dev-69816
228,64.625,679,2023-10-26 08:10:41.317982976,sharp-relay-574,dev-17445
229,64.625,679,2023-05-11 03:48:00.845836288,bright-cam-798,dev-78179
230,64.625,679,2023-04-17 00:35:43.198863616,tiny-cam-408,dev-96673
231,64.625,679,2023-03-16 09:40:01.669417216,smart-gateway-297,dev-31661
232,64.625,679,2023-08-17 06:05:22.925600000,smart-tracker-324,dev-46132
233,64.625,679,2023-04-14 10:08:41.471434496,bright-relay-941,dev-2224
234,64.625,679,2023-06-13 19:55:30.050297856,tiny-cam-318,dev-36617
235,64.625,679,2023-03-04 12:26:17.124233216,bright-meter-954,dev-35018
236,64.625,679,2023-02-05 10:50:14.006316288,fast-cam-421,dev-83315
237,64.625,679,2023-11-06 08:24:40.456334336,bright-cam-618,dev-53006
238,64.625,679,2023-01-21 17:14:15.088163584,smart-thermo-841,dev-65963
239,64.625,679,2023-10-15 12:09:07.310986752,sharp-tracker-128,dev-19993
240,64.625,679,2023-09-02 12:38:49.237456640,sharp-relay-323,dev-71972
241,64.625,679,2023-05-17 07:53:32.771055360,bright-relay-213,dev-27825
242,64.625,679,2023-03-25 04:03:49.037512192,fast-tracker-329,dev-65472
243,64.625,679,2023-06-05 15:52:06.149609984,fast-cam-588,dev-68342
244,64.625,679,2023-05-08 03:55:44.716136704,tiny-thermo-557,dev-18168
245,64.625,679,2023-11-20 02:16:22.700270080,fast-thermo-957,dev-60229
246,64.625,679,2023-06-18 15:31:24.569038592,sharp-relay-304,dev-80559
247,64.625,679,2023-07-23 17:42:01.079868928,smart-thermo-888,dev-25995
248,64.625,679,2023-01-21 10:43:13.194930944,fast-gateway-336,dev-30961
249,64.625,679,2023-08-14 01:21:29.702037248,bright-thermo-646,dev-16044
250,64.625,679,2023-09-07 22:12:40.717062656,smart-thermo-360,dev-82959
251,64.625,679,2023-05-21 20:02:20.687915264,tiny-thermo-971,dev-24042
252,64.625,679,2023-01-23 03:25:27.692233728,sharp-meter-840,dev-39018
253,64.625,679,2023-11-02 23:05:40.494356736,sharp-relay-539,dev-33444
254,64.625,679,2023-05-13 07:47:28.746359552,fast-tracker-162,dev-24102
255,64.625,679,2023-09-18 18:46:38.907418112,bright-cam-764,dev-80973
256,64.625,679,2023-07-04 05:56:02.697184256,tiny-meter-575,dev-86606
257,64.625,679,2023-05-02 10:29:11.319344896,fast-thermo-674,dev-69836
258,64.625,679,2023-10-17 06:07:14.938972416,bright-cam-583,dev-69138
259,64.625,679,2023-11-28 22:45:42.006141440,tiny-relay-649,dev-55138
260,64.625,679,2023-09-13 04:08:20.007924224,smart-cam-265,dev-95361
261,64.625,679,2023-02-28 20:31:30.746185472,fast-meter-471,dev-60171
262,64.625,679,2023-08-15 20:57:28.789931776,tiny-cam-210,dev-89955
263,64.625,679,2023-06-02 01:43:11.823145984,bright-cam-655,dev-11518
264,64.625,679,2023-12-06 01:53:27.597891328,bright-meter-499,dev-83088
265,64.625,679,2023-08-25 07:36:43.800592640,tiny-relay-316,dev-12024
266,64.625,679,2023-12-06 03:22:13.061976064,silent-cam-557,dev-43530
267,64.625,679,2023-04-24 20:13:54.720589824,sharp-tracker-242,dev-63586
268,64.625,679,2023-09-25 09:40:51.391837184,tiny-cam-898,dev-14225
269,64.625,679,2023-05-20 16:45:50.968320000,tiny-gateway-262,dev-26795
270,64.625,679,2023-05-06 04:35:07.071671040,tiny-thermo-178,dev-30704
271,64.625,679,2023-09-23 00:49:24.901127424,tiny-tracker-700,dev-42587
272,64.625,679,2023-03-12 11:55:32.865266688,fast-cam-534,dev-25146
273,64.625,679,2023-01-12 17:51:29.845550080,fast-tracker-584,dev-20743
274,64.625,679,2023-10-03 04:41:09.259053568,silent-relay-392,dev-37269
275,64.625,679,2023-08-31 17:28:14.453867520,sharp-cam-249,dev-46935
276,64.625,679,2023-02-03 15:46:29.325988352,sharp-meter-515,dev-97652
277,64.625,679,2023-05-27 10:58:31.641442816,bright-tracker-597,dev-83931
278,64.625,679,2023-06-12 21:50:08.126940416,sharp-gateway-998,dev-83817
279,64.625,679,2023-03-20 01:13:19.067792896,silent-relay-363,dev-80329
280,64.625,679,2023-06-15 16:14:14.031276032,silent-tracker-773,dev-92667
281,64.625,679,2023-05-16 17:13:09.458047232,silent-tracker-813,dev-4165
282,64.625,679,2023-03-01 13:52:28.997589248,smart-thermo-218,dev-37850
283,64.625,679,2023-04-06 08:32:58.207450880,smart-cam-949,dev-47468
284,64.625,679,2023-03-12 21:21:20.212972800,smart-cam-180,dev-18810
285,64.625,679,2023-09-01 00:01:13.247536640,tiny-cam-659,dev-55756
286,64.625,679,2023-11-16 09:17:35.218312704,fast-meter-823,dev-14819
287,64.625,679,2023-10-14 16:46:24.159345920,fast-gateway-731,dev-5011
288,64.625,679,2023-08-27 00:23:07.427490304,silent-tracker-433,dev-11782
289,64.625,679,2023-03-12 04:00:49.692033536,bright-tracker-549,dev-48541
290,64.625,679,2023-03-04 17:47:36.000843008,tiny-gateway-220,dev-99093
291,64.625,679,2023-12-25 10:23:48.112709376,tiny-thermo-410,dev-17429
292,64.625,679,2023-02-26 01:14:09.584210944,smart-tracker-310,dev-84251
293,64.625,679,2023-01-21 08:11:51.416657152,sharp-thermo-742,dev-92303
294,64.625,679,2023-05-30 19:47:28.350997760,sharp-gateway-400,dev-18206
295,64.625,679,2023-04-08 09:06:20.980269312,sharp-gateway-820,dev-60334
296,64.625,679,2023-04-20 19:08:04.737242112,tiny-meter-851,dev-84812
297,64.625,679,2023-08-14 04:07:31.506863616,tiny-relay-800,dev-94684
298,64.625,679,2023-07-11 04:52:59.547342336,smart-thermo-581,dev-62969
299,64.625,679,2023-01-15 14:07:13.147659520,silent-gateway-541,dev-73500
300,64.625,679,2023-02-06 11:26:34.432653312,bright-gateway-552,dev-85441
301,28.8181818181818,317,2023-04-02 04:18:47.511095040,fast-meter-344,dev-53333
302,64.625,679,2023-06-06 12:48:53.366519296,fast-meter-661,dev-69951
303,64.625,679,2023-11-14 05:15:10.218449408,sharp-cam-350,dev-99497
304,64.625,679,2023-03-01 17:54:38.011320064,tiny-meter-558,dev-73592
305,64.625,679,2023-09-24 15:11:27.939163904,sharp-relay-815,dev-66386
306,64.625,679,2023-02-09 18:11:35.576974336,sharp-tracker-253,dev-44719
307,64.625,679,2023-09-29 09:00:27.431942656,tiny-relay-139,dev-57722
308,64.625,679,2023-06-11 09:22:46.998818048,bright-gateway-591,dev-36285
309,64.625,679,2023-06-01 17:36:54.609377536,fast-gateway-694,dev-29521
310,64.625,679,2023-10-20 15:41:58.098418944,tiny-tracker-797,dev-65901
311,64.625,679,2023-03-19 16:40:59.916336128,tiny-cam-309,dev-22527
312,64.625,679,2023-04-15 15:18:31.812695552,smart-thermo-657,dev-6429
313,64.625,679,2023-06-08 21:10:57.106940672,silent-meter-419,dev-88865
314,64.625,679,2023-02-10 16:53:41.444260352,smart-gateway-737,dev-74194
315,64.625,679,2023-01-31 17:35:58.758657024,fast-relay-473,dev-66362
316,64.625,679,2023-02-06 22:41:17.519442176,sharp-thermo-645,dev-43411
317,64.625,679,2023-02-03 08:51:42.308106240,bright-meter-416,dev-74246
318,64.625,679,2023-10-16 22:44:06.354372608,tiny-tracker-797,dev-65901
319,64.625,679,2023-02-27 18:16:22.155488000,fast-meter-138,dev-81438
320,64.625,679,2023-01-20 15:03:51.230272256,tiny-meter-840,dev-24963
321,64.625,679,2023-06-02 04:09:29.038758656,bright-meter-174,dev-62895
322,64.625,679,2023-12-23 04:33:09.952849920,silent-cam-440,dev-53586
323,64.625,679,2023-12-22 05:56:15.266600192,bright-cam-347,dev-64738
324,64.625,679,2023-08-21 12:01:07.934257664,tiny-gateway-824,dev-57851
325,64.625,679,2023-06-23 18:11:01.275982336,tiny-meter-221,dev-17468
326,64.625,679,2023-11-06 17:50:23.256551680,silent-tracker-327,dev-48532
327,64.625,679,2023-10-22 11:34:34.015402752,bright-tracker-265,dev-31464
328,64.625,679,2023-10-31 13:18:11.144150016,bright-gateway-562,dev-47297
329,64.625,679,2023-03-14 09:08:45.580690176,tiny-tracker-772,dev-33900
330,64.625,679,2023-04-12 23:54:12.882043136,bright-tracker-320,dev-21807
331,64.625,679,2023-11-03 14:10:44.317504768,bright-relay-120,dev-44573
332,64.625,679,2023-06-06 10:19:08.990724096,fast-thermo-415,dev-88011
333,64.625,679,2023-08-05 13:41:13.298946560,sharp-gateway-400,dev-18206
334,64.625,679,2023-08-27 11:34:36.824039168,silent-meter-706,dev-47742
335,64.625,679,2023-03-17 08:03:52.926095872,sharp-relay-252,dev-774
336,64.625,679,2023-06-20 06:39:59.103284224,tiny-relay-846,dev-71789
337,64.625,679,2023-02-04 01:59:14.386179584,fast-relay-616,dev-19176
338,64.625,679,2023-07-11 23:36:19.901384704,sharp-meter-843,dev-84530
339,64.625,679,2023-08-26 07:35:18.860228352,smart-thermo-489,dev-37395
340,64.625,679,2023-03-25 19:45:00.037670400,silent-gateway-845,dev-8615
341,64.625,679,2023-05-06 23:02:56.845529600,smart-relay-189,dev-95015
342,64.625,679,2023-12-14 15:22:41.880959232,smart-thermo-952,dev-89987
343,64.625,679,2023-03-05 18:22:38.116210432,bright-relay-612,dev-48879
344,64.625,679,2023-05-21 03:21:11.441688832,silent-relay-450,dev-47014
345,64.625,679,2023-12-06 15:06:02.333921792,tiny-gateway-627,dev-57671
346,64.625,679,2023-05-04 23:44:37.408226304,fast-tracker-613,dev-43687
347,64.625,679,2023-06-11 02:07:32.644580864,bright-gateway-812,dev-95386
348,64.625,679,2023-11-28 14:10:29.629040384,smart-thermo-600,dev-62318
349,64.625,679,2023-03-20 02:25:25.003489792,smart-tracker-205,dev-56193
350,64.625,679,2023-03-19 07:55:59.373281280,bright-relay-527,dev-61367
351,64.625,679,2023-03-30 19:26:16.245239296,smart-tracker-767,dev-42022
352,64.625,679,2023-03-07 00:20:34.272073472,fast-gateway-735,dev-5195
353,64.625,679,2023-10-18 15:06:39.735225344,tiny-tracker-937,dev-42421
354,64.625,679,2023-09-23 02:43:37.008285952,sharp-tracker-255,dev-34621
355,64.625,679,2023-04-29 01:15:47.222966784,silent-gateway-352,dev-57772
356,64.625,679,2023-05-02 22:47:59.102060288,silent-tracker-915,dev-57996
357,64.625,679,2023-05-05 01:25:52.463758336,sharp-thermo-858,dev-58302
358,64.625,679,2023-04-30 08:54:39.728546304,sharp-thermo-681,dev-96055
359,64.625,679,2023-04-10 06:21:06.275061504,tiny-cam-890,dev-86204
360,64.625,679,2023-09-27 19:55:51.501186048,smart-meter-453,dev-57576
361,64.625,679,2023-08-26 02:20:32.051423488,silent-thermo-938,dev-78051
362,64.625,679,2023-01-10 20:16:44.859449344,fast-cam-818,dev-46228
363,64.625,679,2023-04-11 10:12:44.177554432,silent-thermo-760,dev-1341
364,64.625,679,2023-09-14 15:52:43.990335744,fast-relay-305,dev-18268
365,64.625,679,2023-02-07 04:33:10.713388288,bright-relay-553,dev-37960
366,64.625,679,2023-05-22 17:41:10.936005376,fast-tracker-573,dev-61267
367,64.625,679,2023-07-30 03:34:19.924977920,silent-thermo-165,dev-61169
368,64.625,679,2023-09-09 08:05:05.445074176,tiny-thermo-152,dev-33959
369,64.625,679,2023-04-08 18:25:05.238954240,smart-cam-978,dev-99418
370,64.625,679,2023-12-06 10:26:37.434068736,sharp-meter-823,dev-28789
371,64.625,679,2023-06-03 06:44:31.463427328,sharp-relay-545,dev-72183
372,64.625,679,2023-07-08 18:17:19.680158208,bright-meter-455,dev-32312
373,64.625,679,2023-09-13 04:10:43.722490624,bright-tracker-785,dev-16359
374,64.625,679,2023-05-10 23:30:42.417797632,tiny-relay-449,dev-65473
375,64.625,679,2023-10-07 00:28:31.197556992,silent-relay-875,dev-28139
376,64.625,679,2023-03-06 18:26:47.067853056,silent-thermo-587,dev-20976
377,64.625,679,2023-11-06 10:31:36.406935552,bright-meter-340,dev-13801
378,64.625,679,2023-09-30 16:51:14.826683136,tiny-meter-302,dev-50080
379,64.625,679,2023-01-08 09:39:24.859174144,silent-thermo-312,dev-70032
380,64.625,679,2023-07-16 13:19:54.802970624,sharp-relay-132,dev-24328
381,64.625,679,2023-11-27 14:19:09.974678016,fast-cam-600,dev-69068
382,64.625,679,2023-10-22 00:13:47.090629376,fast-thermo-955,dev-33037
383,64.625,679,2023-08-23 06:02:51.442584320,smart-gateway-769,dev-47959
384,64.625,679,2023-02-19 15:07:28.104190976,sharp-gateway-586,dev-20419
385,64.625,679,2023-01-27 00:54:53.910588928,tiny-cam-984,dev-75951
386,64.625,679,2023-05-09 01:47:37.664951296,silent-meter-668,dev-43126
387,64.625,679,2023-07-24 08:23:23.496485376,sharp-gateway-616,dev-789
388,64.625,679,2023-06-25 04:42:03.008739328,sharp-meter-653,dev-16437
389,64.625,679,2023-10-11 14:45:43.536900352,sharp-relay-305,dev-73892
390,64.625,679,2023-09-01 14:05:12.955216128,smart-gateway-117,dev-83377
391,64.625,679,2023-08-15 12:27:16.278669056,bright-cam-883,dev-72425
392,64.625,679,2023-11-22 19:06:51.063924224,tiny-tracker-746,dev-92087
393,64.625,679,2023-03-14 14:53:28.871195904,sharp-thermo-746,dev-20705
394,64.625,679,2023-10-18 04:59:55.953095424,smart-tracker-148,dev-16834
395,64.625,679,2023-11-03 11:07:02.382334208,silent-meter-257,dev-89099
396,64.625,679,2023-04-07 07:36:35.759389184,sharp-cam-821,dev-80296
397,64.625,679,2023-01-17 06:49:44.907402496,bright-thermo-623,dev-51167
398,64.625,679,2023-12-26 04:34:35.041488640,fast-thermo-741,dev-65602
399,64.625,679,2023-04-11 10:42:55.827474176,bright-tracker-115,dev-25831
400,64.625,679,2023-07-13 15:45:27.588455424,smart-gateway-610,dev-64906
401,64.625,679,2023-01-08 08:50:47.324566528,smart-cam-431,dev-51674
402,64.625,679,2023-10-09 00:49:12.066121728,smart-gateway-927,dev-30044
403,64.625,679,2023-11-04 01:58:09.872423168,bright-cam-504,dev-70396
404,64.625,679,2023-05-01 12:24:20.968969472,bright-cam-896,dev-65043
405,64.625,679,2023-03-24 00:14:36.664636672,sharp-gateway-839,dev-93256
406,64.625,679,2023-08-23 13:28:04.490240256,silent-thermo-928,dev-43903
407,64.625,679,2023-04-12 07:42:22.081164800,tiny-thermo-815,dev-7084
408,64.625,679,2023-08-25 20:06:06.117884928,silent-gateway-686,dev-47028
409,0.0,0,2023-01-20 03:56:42.950236672,tiny-thermo-369,dev-98887
410,0.0,0,2023-09-16 18:52:33.084493312,bright-tracker-430,dev-7475
411,0.0,0,2023-03-23 11:48:22.667844352,fast-cam-111,dev-81542
412,0.0,0,2023-06-01 10:22:31.582428160,smart-tracker-209,dev-63426
413,0.0,0,2023-12-27 20:47:12.960717568,bright-meter-411,dev-41714
414,0.0,0,2023-01-29 15:18:25.899739904,tiny-gateway-659,dev-78850
415,0.0,0,2023-03-17 17:04:24.632736768,fast-tracker-611,dev-30149
416,0.0,0,2023-03-10 06:02:51.799022848,smart-cam-705,dev-61128
417,0.0,0,2023-06-15 15:01:21.005317120,sharp-relay-838,dev-86012
418,0.0,0,2023-12-03 03:54:57.416175616,sharp-tracker-320,dev-63367
419,0.0,0,2023-01-10 14:45:06.472171520,tiny-relay-368,dev-92302
420,0.0,0,2023-10-30 22:08:18.223008256,bright-relay-537,dev-42818
421,0.0,0,2023-11-20 00:03:38.744328704,bright-gateway-619,dev-76946
422,0.0,0,2023-03-22 19:05:32.077407744,silent-tracker-573,dev-35799
423,0.0,0,2023-02-25 19:03:54.165334272,sharp-gateway-783,dev-88368
424,0.0,0,2023-10-14 14:30:08.226340608,sharp-gateway-703,dev-36306
425,0.0,0,2023-11-07 22:15:33.042136832,silent-gateway-504,dev-71886
426,0.0,0,2023-05-18 21:39:37.547030016,fast-thermo-948,dev-62584
427,0.0,0,2023-04-19 12:15:55.170183680,silent-tracker-256,dev-3461
428,0.0,0,2023-06-19 04:05:54.633360128,smart-relay-767,dev-70231
429,0.0,0,2023-03-03 12:27:11.618300928,bright-thermo-230,dev-54403
430,0.0,0,2023-04-14 01:09:14.010664960,smart-cam-100,dev-25734
431,0.0,0,2023-03-23 23:02:00.727623680,bright-thermo-900,dev-84528
432,0.0,0,2023-12-16 01:33:58.937308928,fast-meter-398,dev-5734
433,0.0,0,2023-02-05 23:20:45.071626496,smart-cam-389,dev-3703
434,0.0,0,2023-03-28 16:07:18.634913536,tiny-gateway-716,dev-30286
435,0.0,0,2023-02-28 02:43:14.799863296,smart-meter-839,dev-59815
436,0.0,0,2023-01-05 10:01:28.204814080,smart-thermo-424,dev-67110
437,0.0,0,2023-10-05 14:15:47.681701888,fast-tracker-195,dev-69566
438,0.0,0,2023-02-03 10:53:04.368880128,silent-tracker-522,dev-67926
439,0.0,0,2023-07-06 13:29:05.901034752,sharp-tracker-458,dev-29567
440,0.0,0,2023-10-08 22:23:54.554019584,smart-meter-623,dev-93398
441,0.0,0,2023-03-19 02:18:13.196497664,silent-thermo-463,dev-17710
442,0.0,0,2023-09-14 03:49:57.426490368,smart-tracker-190,dev-263
443,0.0,0,2023-04-21 08:04:13.404362496,sharp-meter-564,dev-36196
444,0.0,0,2023-08-09 11:20:05.290956032,fast-gateway-705,dev-51309
445,0.0,0,2023-08-24 18:45:35.502450176,bright-gateway-266,dev-11744
446,0.0,0,2023-10-27 12:41:25.464288256,sharp-cam-765,dev-25952
447,0.0,0,2023-07-10 18:54:16.697727232,bright-meter-648,dev-48401
448,0.0,0,2023-10-08 13:42:28.955246592,fast-thermo-728,dev-67352
449,0.0,0,2023-04-23 09:54:42.600378112,sharp-gateway-126,dev-44223
450,0.0,0,2023-10-29 12:39:12.252456960,smart-relay-412,dev-97150
451,0.0,0,2023-01-06 14:39:30.660234240,sharp-meter-585,dev-11208
452,0.0,0,2023-05-19 09:32:14.468203520,silent-relay-656,dev-29851
453,0.0,0,2023-06-07 23:33:18.243522304,sharp-gateway-802,dev-86093
454,0.0,0,2023-09-17 09:22:20.657657856,sharp-gateway-568,dev-34774
455,0.0,0,2023-01-17 10:00:49.502455808,fast-thermo-870,dev-97287
456,0.0,0,2023-10-31 06:16:04.714978560,smart-thermo-670,dev-26352
457,0.0,0,2023-04-22 04:06:13.190282752,tiny-tracker-114,dev-21217
458,0.0,0,2023-03-14 01:52:01.284660224,tiny-tracker-983,dev-32848
459,0.0,0,2023-04-01 05:48:57.484688640,tiny-cam-110,dev-79954
460,0.0,0,2023-06-09 11:49:30.729227520,smart-relay-820,dev-44312
461,0.0,0,2023-03-05 06:48:28.596820224,tiny-thermo-597,dev-62451
462,0.0,0,2023-07-10 13:01:12.096317184,silent-tracker-168,dev-57974
463,0.0,0,2023-04-14 11:52:52.239536896,sharp-tracker-926,dev-24460
464,0.0,0,2023-06-23 07:48:51.236831488,silent-cam-834,dev-81979
465,0.0,0,2023-08-16 18:07:21.543056640,silent-meter-287,dev-45042
466,0.0,0,2023-09-10 07:39:07.702823680,silent-gateway-670,dev-46209
467,0.0,0,2023-03-25 20:36:31.011379200,smart-tracker-677,dev-41116
468,0.0,0,2023-12-24 05:38:41.988629504,sharp-relay-829,dev-78064
469,0.0,0,2023-06-09 23:06:02.034209280,smart-cam-394,dev-87135
470,0.0,0,2023-01-12 23:19:26.087117056,sharp-meter-879,dev-31038
471,0.0,0,2023-12-25 05:46:08.278089728,smart-gateway-697,dev-13847
472,0.0,0,2023-10-30 03:42:57.111223296,bright-tracker-652,dev-89176
473,0.0,0,2023-11-30 09:39:25.860941568,sharp-gateway-410,dev-11830
474,0.0,0,2023-07-08 18:26:32.069637376,bright-cam-264,dev-15186
475,0.0,0,2023-10-28 14:10:55.568132608,bright-cam-808,dev-46696
476,0.0,0,2023-04-04 02:15:52.984078592,silent-thermo-352,dev-1733
477,0.0,0,2023-07-05 11:25:37.689508864,sharp-gateway-630,dev-54457
478,0.0,0,2023-10-30 23:22:10.261586432,bright-gateway-432,dev-25298
479,0.0,0,2023-04-15 02:41:08.105073152,bright-relay-305,dev-55993
480,0.0,0,2023-02-11 11:56:11.399512832,bright-meter-774,dev-353
481,0.0,0,2023-05-11 14:33:04.826980608,tiny-relay-976,dev-74559
482,0.0,0,2023-01-10 09:06:03.563122688,tiny-cam-764,dev-79945
483,0.0,0,2023-08-05 14:15:41.667964416,tiny-tracker-643,dev-67460
484,0.0,0,2023-01-19 00:46:54.511780608,sharp-thermo-937,dev-68685
485,0.0,0,2023-04-16 23:42:45.740566784,fast-gateway-678,dev-25336
486,0.0,0,2023-01-25 18:38:44.028462848,tiny-gateway-197,dev-95290
487,0.0,0,2023-11-17 15:58:54.377553408,smart-cam-446,dev-40307
488,0.0,0,2023-09-14 17:26:12.257088256,bright-relay-938,dev-89009
489,0.0,0,2023-09-25 08:01:49.999079168,tiny-tracker-288,dev-80740
490,0.0,0,2023-07-24 13:02:27.432901632,sharp-tracker-404,dev-59955
491,0.0,0,2023-06-09 05:21:43.385050880,smart-gateway-365,dev-20743
492,0.0,0,2023-07-25 07:20:48.427068928,smart-cam-973,dev-47225
493,0.0,0,2023-12-28 10:35:31.921064448,smart-thermo-285,dev-15909
494,0.0,0,2023-06-18 18:21:35.345005824,silent-relay-706,dev-30534
495,0.0,0,2023-10-28 11:26:27.382582784,bright-thermo-685,dev-76237
496,0.0,0,2023-07-04 08:33:44.263622656,sharp-thermo-272,dev-65949
497,0.0,0,2023-09-07 19:02:22.962260224,smart-gateway-735,dev-28992
498,0.0,0,2023-08-23 00:43:46.298953728,sharp-tracker-496,dev-65435
499,0.0,0,2023-12-14 11:39:15.955952640,fast-meter-277,dev-22596
500,0.0,0,2023-04-14 06:18:49.474696192,silent-tracker-949,dev-21132
501,0.0,0,2023-10-08 17:53:04.211281920,fast-meter-337,dev-48437
502,0.0,0,2023-11-01 14:36:19.903303168,tiny-meter-365,dev-51217
503,0.0,0,2023-08-18 05:04:34.010235392,bright-tracker-478,dev-19535
504,64.625,679,2023-05-30 11:06:29.590064896,fast-cam-746,dev-35604
505,64.625,679,2023-04-18 01:21:25.092982784,fast-thermo-172,dev-47547
506,64.625,679,2023-07-30 22:18:06.688965632,smart-meter-768,dev-49344
507,64.625,679,2023-05-22 14:21:09.275564288,fast-gateway-375,dev-23825
508,64.625,679,2023-11-08 03:26:46.826090752,tiny-tracker-105,dev-96302
509,64.625,679,2023-09-01 01:12:18.231467008,silent-thermo-942,dev-46721
510,64.625,679,2023-06-15 18:40:09.729334016,tiny-cam-430,dev-56414
511,4.6,23,2023-02-04 04:47:56.358181376,tiny-cam-668,dev-59340
512,3.28571428571429,23,2023-03-01 22:04:50.508127488,smart-relay-763,dev-39398
513,64.625,679,2023-04-29 19:13:26.157182208,silent-tracker-990,dev-4857
514,64.625,679,2023-05-26 10:54:45.923024128,bright-gateway-978,dev-49804
515,64.625,679,2023-02-23 15:48:17.859674368,tiny-meter-445,dev-37601
516,64.625,679,2023-05-25 16:06:41.485657856,silent-gateway-319,dev-19732
517,64.625,679,2023-02-08 08:29:49.777700608,smart-meter-996,dev-18719
518,64.625,679,2023-12-28 00:19:30.200842496,sharp-tracker-202,dev-79400
519,64.625,679,2023-03-01 12:25:26.433209600,tiny-thermo-421,dev-17745
520,64.625,679,2023-09-12 12:01:06.645940992,sharp-thermo-802,dev-4372
521,64.625,679,2023-06-23 08:03:47.449793536,smart-relay-686,dev-84213
522,64.625,679,2023-11-30 09:11:13.744182016,fast-tracker-493,dev-52769
523,64.625,679,2023-12-28 21:06:22.473869568,bright-gateway-214,dev-5137
524,64.625,679,2023-09-24 04:57:03.283377152,smart-relay-477,dev-68346
525,64.625,679,2023-05-22 13:04:32.190349824,smart-cam-533,dev-69265
526,64.625,679,2023-01-18 00:16:41.417440512,fast-cam-754,dev-13072
527,64.625,679,2023-07-01 12:21:19.311442944,bright-tracker-961,dev-66397
528,64.625,679,2023-01-04 22:29:46.200636160,fast-relay-989,dev-56616
529,64.625,679,2023-06-30 23:45:12.463180032,bright-meter-618,dev-66448
530,64.625,679,2023-10-21 20:51:40.286881024,fast-tracker-757,dev-77762
531,64.625,679,2023-01-12 07:31:55.774178304,bright-thermo-396,dev-36175
532,64.625,679,2023-05-24 06:18:56.816206080,tiny-tracker-739,dev-43197
533,64.625,679,2023-05-23 19:44:59.460961280,smart-gateway-325,dev-51361
534,64.625,679,2023-07-28 11:53:56.721764864,tiny-cam-356,dev-20767
535,64.625,679,2023-08-27 05:24:20.632035840,tiny-relay-858,dev-25252
536,64.625,679,2023-02-18 21:24:27.215892992,sharp-relay-501,dev-61854
537,64.625,679,2023-05-18 23:28:08.944590080,silent-relay-236,dev-97200
538,64.625,679,2023-04-17 01:54:54.396481792,fast-meter-288,dev-9225
539,64.625,679,2023-08-20 12:06:18.958501376,silent-cam-496,dev-13124
540,64.625,679,2023-08-31 00:07:06.426591744,silent-cam-312,dev-74977
541,64.625,679,2023-02-26 16:27:41.032057600,bright-thermo-734,dev-75922
542,12.5,25,2023-04-22 19:18:02.712999936,smart-relay-401,dev-59282
543,64.625,679,2023-10-23 10:35:33.008265472,tiny-cam-195,dev-50187
544,64.625,679,2023-07-29 23:10:07.458914304,sharp-cam-916,dev-44524
545,50.7777777777778,679,2023-03-19 10:37:07.457547520,fast-relay-473,dev-66362
546,64.625,679,2023-12-21 17:52:14.888978432,sharp-cam-533,dev-42219
547,40.7364341085271,679,2023-02-23 07:28:07.933572352,tiny-meter-491,dev-27684
548,64.625,679,2023-02-17 02:41:29.067936000,sharp-gateway-483,dev-54357
549,64.625,679,2023-12-15 06:12:08.954689280,bright-cam-245,dev-95958
550,64.625,679,2023-11-28 21:05:40.521834240,smart-gateway-609,dev-89207
551,64.625,679,2023-04-17 05:27:26.119661568,silent-gateway-686,dev-47028
552,64.625,679,2023-05-07 00:51:05.745979136,tiny-tracker-325,dev-34752
553,64.625,679,2023-07-13 05:47:01.735224576,tiny-gateway-940,dev-85409
554,64.625,679,2023-12-20 04:26:51.759632640,bright-tracker-977,dev-63260
555,64.625,679,2023-10-23 02:09:53.496933632,smart-cam-618,dev-8063
556,64.625,679,2023-02-11 07:10:56.144675328,sharp-gateway-622,dev-22382
557,64.625,679,2023-02-13 20:29:23.272442368,silent-thermo-670,dev-85348
558,64.625,679,2023-03-18 02:52:16.343550720,fast-meter-829,dev-22716
559,64.625,679,2023-03-15 20:01:25.782954240,fast-thermo-245,dev-28206
560,64.625,679,2023-03-23 17:15:32.089146112,smart-gateway-304,dev-23153
561,64.625,679,2023-05-23 07:36:25.581348608,smart-relay-807,dev-97975
562,64.625,679,2023-02-28 04:14:13.200312832,fast-meter-605,dev-98929
563,64.625,679,2023-10-31 17:19:54.948775936,silent-tracker-668,dev-28388
564,64.625,679,2023-08-28 09:42:22.168739840,fast-thermo-607,dev-53508
565,64.625,679,2023-08-04 22:52:22.144196352,sharp-thermo-548,dev-34868
566,64.625,679,2023-10-17 15:25:39.186833664,bright-thermo-465,dev-57464
567,64.625,679,2023-06-11 08:13:21.509823232,smart-gateway-512,dev-71871
568,64.625,679,2023-03-22 18:21:54.533322752,tiny-cam-528,dev-31606
569,64.625,679,2023-05-03 17:03:41.012869120,silent-relay-335,dev-71959
570,64.625,679,2023-09-27 08:01:05.401725440,sharp-cam-880,dev-87850
571,64.625,679,2023-09-17 01:40:43.070421248,tiny-relay-354,dev-6437
572,64.625,679,2023-09-19 11:37:39.435951616,tiny-tracker-954,dev-18715
573,64.625,679,2023-03-22 20:08:40.286887936,sharp-thermo-234,dev-94220
574,64.625,679,2023-07-28 02:48:45.184335360,fast-relay-789,dev-26274
575,64.625,679,2023-03-30 20:35:27.715102464,sharp-meter-516,dev-94803
576,64.625,679,2023-11-18 12:22:04.040231168,fast-relay-979,dev-66063
577,64.625,679,2023-01-07 17:52:56.293117440,smart-relay-564,dev-4441
578,64.625,679,2023-07-12 22:21:10.178233856,bright-thermo-116,dev-59827
579,64.625,679,2023-12-01 07:11:30.546428672,smart-thermo-394,dev-84115
580,64.625,679,2023-08-14 21:25:04.641297152,tiny-cam-341,dev-73534
581,64.625,679,2023-09-17 11:41:44.078443008,fast-meter-401,dev-64533
582,64.625,679,2023-10-09 06:03:52.396196096,silent-gateway-738,dev-30039
583,64.625,679,2023-04-08 09:16:47.122807552,bright-thermo-445,dev-19234
584,64.625,679,2023-03-22 14:02:37.761927168,bright-tracker-179,dev-92339
585,64.625,679,2023-10-26 21:03:57.626473984,sharp-cam-606,dev-57067
586,64.625,679,2023-03-25 00:21:36.044314624,sharp-relay-852,dev-31270
587,64.625,679,2023-11-09 03:33:19.679584512,sharp-cam-845,dev-98530
588,64.625,679,2023-07-10 19:38:40.009701632,smart-tracker-367,dev-78788
589,64.625,679,2023-11-11 14:03:59.021798400,sharp-thermo-294,dev-6867
590,64.625,679,2023-12-24 21:39:34.302276608,sharp-thermo-824,dev-16004
591,64.625,679,2023-04-08 06:01:38.193837056,smart-meter-965,dev-19285
592,64.625,679,2023-05-18 19:30:22.468667392,fast-gateway-331,dev-94785
593,64.625,679,2023-11-23 09:38:17.539579648,tiny-tracker-550,dev-89422
594,35.9411764705882,679,2023-11-13 23:53:19.895613952,bright-gateway-282,dev-74833
595,64.625,679,2023-09-10 05:30:34.197418752,sharp-meter-638,dev-6868
596,64.625,679,2023-11-10 06:48:46.187229440,smart-tracker-998,dev-89287
597,64.625,679,2023-02-05 13:56:29.141660928,tiny-relay-191,dev-10513
598,17.3333333333333,52,2023-09-24 04:35:33.281231104,bright-relay-636,dev-46976
599,64.625,679,2023-08-06 12:51:36.379464704,fast-meter-901,dev-86267
600,64.625,679,2023-12-11 16:33:12.192591360,bright-thermo-707,dev-85982
601,64.625,679,2023-05-26 17:26:54.386995712,sharp-cam-924,dev-5122
602,64.625,679,2023-03-28 01:39:25.169635072,sharp-cam-273,dev-6994
603,64.625,679,2023-08-21 22:44:12.337552384,silent-relay-785,dev-51023
604,26.7,267,2023-06-19 01:47:49.207363328,fast-relay-647,dev-1281
605,64.625,679,2023-05-27 17:08:11.578677504,sharp-gateway-351,dev-80027
606,64.625,679,2023-10-28 14:21:16.140095744,sharp-thermo-802,dev-4372
607,64.625,679,2023-04-10 02:57:11.034926848,bright-thermo-104,dev-89370
608,64.625,679,2023-07-31 08:57:57.643138560,bright-thermo-882,dev-59730
609,64.625,679,2023-07-02 16:31:08.152878592,tiny-cam-564,dev-23568
610,64.625,679,2023-04-06 12:20:10.242158080,smart-cam-912,dev-80378
611,64.625,679,2023-07-20 12:39:24.379495680,bright-relay-329,dev-52435
612,64.625,679,2023-12-26 02:37:07.586495488,fast-gateway-284,dev-85947
613,0.0,0,2023-10-19 08:08:32.612736512,sharp-meter-853,dev-67175
614,26.8,268,2023-10-01 19:18:55.926672128,silent-tracker-100,dev-8873
615,64.625,679,2023-01-09 15:19:46.341816064,silent-cam-948,dev-38170
616,64.625,679,2023-11-30 13:44:27.852131072,silent-tracker-962,dev-362
617,64.625,679,2023-05-30 09:00:59.294457088,sharp-meter-702,dev-72532
618,0.0,0,2023-02-07 21:21:13.342235648,bright-gateway-363,dev-89265
619,64.625,679,2023-07-08 12:59:40.787369984,smart-relay-195,dev-45773
620,64.625,679,2023-02-19 00:20:47.025040640,smart-meter-376,dev-47043
621,64.625,679,2023-05-15 15:55:06.577101824,silent-meter-406,dev-55451
622,64.625,679,2023-09-09 23:20:17.864213248,tiny-meter-574,dev-93705
623,64.625,679,2023-01-01 14:56:42.746379520,smart-gateway-240,dev-49917
624,64.625,679,2023-04-19 17:58:47.807147008,tiny-meter-526,dev-70523
625,64.625,679,2023-11-28 00:09:29.032985088,sharp-meter-375,dev-5609
626,64.625,679,2023-08-27 10:38:37.411885568,sharp-thermo-252,dev-24893
627,27.0,270,2023-05-21 16:56:00.447259136,fast-gateway-822,dev-26092
628,64.625,679,2023-05-14 19:06:21.635542272,tiny-thermo-794,dev-21552
629,64.625,679,2023-10-17 16:46:09.556421888,sharp-gateway-759,dev-16852
630,64.625,679,2023-06-03 11:24:30.792812544,fast-tracker-148,dev-92595
631,64.625,679,2023-06-01 22:18:50.288335104,bright-cam-622,dev-40416
632,64.625,679,2023-04-28 19:42:31.188989696,silent-cam-823,dev-86647
633,64.625,679,2023-05-27 09:53:20.690820352,fast-thermo-467,dev-74608
634,64.625,679,2023-11-17 03:29:11.070053120,silent-meter-696,dev-38034
635,64.625,679,2023-11-08 12:07:26.193041664,tiny-thermo-363,dev-16437
636,64.625,679,2023-12-17 16:44:26.525158144,silent-tracker-241,dev-14572
637,64.625,679,2023-04-24 11:47:08.126167808,fast-cam-610,dev-8019
638,64.625,679,2023-03-02 10:26:05.728154368,smart-thermo-387,dev-49504
639,64.625,679,2023-03-02 07:20:32.120622336,tiny-thermo-719,dev-75544
640,64.625,679,2023-08-16 14:12:49.755152896,smart-tracker-700,dev-79596
641,64.625,679,2023-04-12 20:44:25.273156864,sharp-relay-541,dev-41974
642,64.625,679,2023-09-12 18:35:31.620534784,bright-meter-586,dev-23559
643,64.625,679,2023-04-04 06:06:58.766262272,tiny-gateway-507,dev-28567
644,64.625,679,2023-11-25 22:58:47.049842944,sharp-relay-739,dev-90628
645,64.625,679,2023-07-15 19:31:46.093489664,bright-cam-336,dev-87524
646,64.625,679,2023-09-19 18:16:07.343741696,bright-meter-539,dev-7006
647,64.625,679,2023-03-03 09:56:30.594467328,sharp-tracker-791,dev-52801
648,64.625,679,2023-09-18 02:32:14.948893696,bright-relay-632,dev-71769
649,64.625,679,2023-05-24 19:48:25.933006336,tiny-cam-740,dev-84591
650,64.625,679,2023-07-24 10:22:07.965660160,sharp-meter-436,dev-99787
651,64.625,679,2023-06-07 07:51:52.006158080,smart-thermo-898,dev-31211
652,64.625,679,2023-01-25 18:02:45.735338752,bright-thermo-874,dev-80189
653,64.625,679,2023-05-03 05:02:31.069200128,silent-meter-616,dev-66804
654,64.625,679,2023-05-01 03:02:12.247998976,bright-thermo-666,dev-16170
655,64.625,679,2023-09-16 05:45:32.491100416,fast-thermo-776,dev-63301
656,64.625,679,2023-04-07 23:02:44.866442240,tiny-tracker-683,dev-87136
657,64.625,679,2023-11-03 14:57:53.852409344,fast-relay-460,dev-20806
658,64.625,679,2023-06-20 12:24:22.455783936,bright-meter-961,dev-51401
659,64.625,679,2023-06-12 02:34:05.977601024,silent-meter-391,dev-27399
660,64.625,679,2023-01-17 11:16:08.033551616,sharp-cam-215,dev-27109
661,64.625,679,2023-02-26 00:28:45.699475968,silent-gateway-525,dev-93391
662,64.625,679,2023-12-22 00:47:51.194354176,bright-thermo-585,dev-14871
663,64.625,679,2023-12-20 01:46:06.072599296,silent-cam-667,dev-80815
664,64.625,679,2023-02-22 21:09:39.688842240,bright-cam-250,dev-17602
665,64.625,679,2023-05-08 11:52:21.526967296,sharp-thermo-456,dev-32775
666,64.625,679,2023-03-31 08:48:40.267005952,fast-cam-921,dev-80005
667,64.625,679,2023-06-26 04:55:05.787766272,silent-gateway-435,dev-69884
668,64.625,679,2023-04-23 02:45:34.086496000,bright-relay-360,dev-95419
669,64.625,679,2023-01-18 14:45:44.876121344,fast-tracker-625,dev-34815
670,64.625,679,2023-03-01 13:47:02.154357248,tiny-gateway-677,dev-73771
671,64.625,679,2023-04-21 12:38:51.370260992,bright-relay-799,dev-6796
672,64.625,679,2023-10-18 11:30:31.608228096,sharp-gateway-327,dev-34162
673,64.625,679,2023-01-03 16:24:35.419169024,tiny-gateway-296,dev-53279
674,64.625,679,2023-08-06 22:45:26.978803968,tiny-relay-439,dev-96825
675,55.875,447,2023-09-08 11:15:04.119444480,tiny-meter-656,dev-99914
676,64.625,679,2023-11-06 07:10:33.549349120,smart-tracker-478,dev-59645
677,64.625,679,2023-04-24 17:58:20.882581248,bright-relay-222,dev-14562
678,64.625,679,2023-04-09 06:41:58.693210368,fast-gateway-664,dev-20354
679,64.625,679,2023-06-02 17:13:57.394710784,bright-cam-322,dev-36043
680,64.625,679,2023-03-10 20:49:25.429614592,fast-thermo-172,dev-47547
681,64.625,679,2023-04-25 12:14:30.907334656,bright-cam-250,dev-17602
682,64.625,679,2023-10-03 08:10:43.996132864,silent-meter-146,dev-78495
683,64.625,679,2023-12-03 11:35:57.262996992,silent-gateway-854,dev-27550
684,64.625,679,2023-09-27 10:50:27.286536192,sharp-thermo-465,dev-71739
685,64.625,679,2023-05-22 18:35:46.154904064,silent-gateway-802,dev-61000
686,64.625,679,2023-08-23 20:32:52.901685248,fast-gateway-144,dev-79018
687,64.625,679,2023-11-06 11:56:09.097006080,bright-tracker-780,dev-74357
688,64.625,679,2023-06-23 22:31:51.366108160,smart-meter-642,dev-96158
689,64.625,679,2023-03-16 15:12:33.749072896,fast-cam-614,dev-19152
690,64.625,679,2023-10-03 23:30:06.770472448,silent-relay-745,dev-41590
691,64.625,679,2023-10-21 19:11:04.016465920,fast-tracker-493,dev-52769
692,64.625,679,2023-12-11 15:19:16.726591232,tiny-meter-399,dev-41436
693,64.625,679,2023-02-14 02:57:03.485263872,smart-meter-277,dev-82188
694,64.625,679,2023-09-08 10:18:03.994921216,sharp-thermo-246,dev-94271
695,64.625,679,2023-11-29 04:54:34.396229120,silent-tracker-215,dev-34748
696,64.625,679,2023-10-11 10:52:36.899751424,bright-meter-737,dev-90345
697,64.625,679,2023-05-13 10:25:20.843429888,silent-tracker-650,dev-5190
698,64.625,679,2023-05-12 00:43:29.864034048,tiny-gateway-897,dev-77267
699,64.625,679,2023-10-07 11:47:37.384166400,smart-meter-845,dev-83988
700,64.625,679,2023-08-31 02:21:38.506893824,silent-relay-791,dev-89179
701,0.0,0,2023-06-16 15:07:41.270213888,bright-tracker-746,dev-72959
702,64.625,679,2023-08-14 19:10:45.126637312,silent-relay-647,dev-34684
703,64.625,571,2023-09-19 06:11:54.311004672,sharp-relay-908,dev-49088
704,64.625,679,2023-03-25 00:24:57.634815744,tiny-thermo-716,dev-66500
705,60.530612244898,679,2023-11-06 02:29:23.452700672,sharp-gateway-232,dev-68261
706,64.625,571,2023-02-25 09:32:05.005332992,bright-relay-511,dev-49901
707,60.530612244898,679,2023-05-10 10:04:20.262541312,silent-gateway-431,dev-63354
708,64.625,679,2023-03-03 00:54:37.433515008,fast-tracker-179,dev-77754
709,52.2307692307692,679,2023-02-18 03:35:18.079597824,sharp-cam-805,dev-27326
710,64.625,571,2023-06-30 15:28:08.120980480,tiny-tracker-453,dev-87932
711,56.5833333333333,679,2023-02-16 15:05:01.319898368,fast-relay-886,dev-33681
712,64.625,571,2023-10-01 12:19:40.015238400,tiny-gateway-212,dev-8401
713,64.625,679,2023-12-26 04:54:50.097961728,smart-relay-482,dev-67518
714,64.625,571,2023-11-18 18:04:28.546910464,silent-relay-932,dev-71786
715,56.5833333333333,679,2023-11-09 20:40:00.816547840,sharp-gateway-465,dev-12022
716,64.625,571,2023-09-11 23:14:17.264617984,smart-meter-104,dev-9533
717,56.5833333333333,679,2023-04-03 13:22:28.066557952,silent-tracker-574,dev-5057
718,64.625,571,2023-07-08 01:14:15.489907200,fast-gateway-771,dev-17972
719,52.2307692307692,679,2023-04-15 12:18:57.316114688,fast-meter-125,dev-84040
720,51.9090909090909,571,2023-03-03 05:23:11.253651968,tiny-meter-122,dev-84421
721,60.530612244898,679,2023-04-21 19:52:44.624229632,silent-relay-792,dev-27593
722,64.625,679,2023-09-21 04:02:08.734683648,silent-meter-448,dev-42397
723,60.530612244898,679,2023-02-17 12:42:53.057033472,fast-gateway-849,dev-77686
724,64.625,679,2023-02-04 19:03:18.260061952,tiny-meter-576,dev-45689
725,52.2307692307692,679,2023-12-19 07:38:35.512018432,bright-gateway-834,dev-65181
726,64.625,571,2023-12-24 17:50:53.365587200,sharp-meter-919,dev-47182
727,0.0,0,2023-07-31 11:47:01.616427520,smart-tracker-553,dev-30733
728,64.625,679,2023-03-02 04:52:43.580363520,fast-tracker-748,dev-76198
729,64.625,679,2023-06-08 03:29:27.985048832,sharp-cam-754,dev-28092
730,64.625,546,2023-12-10 16:38:23.503106560,tiny-cam-865,dev-1365
731,64.625,546,2023-11-26 07:44:12.704635648,tiny-gateway-348,dev-41965
732,64.625,679,2023-06-15 08:29:05.693169408,smart-tracker-885,dev-67518
733,0.0,0,2023-07-21 22:33:16.269928448,smart-cam-305,dev-25966
734,56.5833333333333,679,2023-06-24 01:26:33.863333120,sharp-cam-424,dev-25794
735,64.625,571,2023-02-28 18:35:27.674033920,silent-tracker-148,dev-23143
736,52.2307692307692,679,2023-05-26 13:17:58.401688064,fast-meter-659,dev-39102
737,64.625,571,2023-12-08 02:32:35.574965760,bright-cam-418,dev-45943
738,52.2307692307692,679,2023-08-17 03:12:45.300661248,sharp-gateway-239,dev-70838
739,64.625,571,2023-02-10 17:41:58.334953984,tiny-tracker-987,dev-926
740,54.32,679,2023-11-10 18:15:33.592629760,fast-cam-130,dev-31194
741,64.625,571,2023-11-06 23:52:25.877722880,fast-cam-130,dev-31194
742,54.32,679,2023-04-15 13:26:21.787465216,silent-relay-919,dev-85151
743,64.625,571,2023-08-09 07:08:02.190828032,sharp-thermo-386,dev-9895
744,56.5833333333333,679,2023-06-04 07:21:15.316484608,bright-meter-376,dev-65798
745,64.625,571,2023-10-11 19:28:44.384471552,tiny-gateway-746,dev-41798
746,56.5833333333333,679,2023-05-12 13:41:09.494715648,sharp-cam-901,dev-74198
747,64.625,571,2023-03-03 20:11:51.720196352,bright-tracker-843,dev-24231
748,64.625,679,2023-07-07 21:27:16.558606336,sharp-meter-791,dev-14113
749,64.625,571,2023-12-24 06:37:35.839469824,silent-relay-203,dev-88188
750,64.625,679,2023-02-21 11:15:45.973572352,sharp-gateway-858,dev-24967
751,64.625,571,2023-06-22 23:26:12.076607232,bright-tracker-724,dev-74273
752,56.5833333333333,679,2023-07-30 07:08:36.907211264,tiny-gateway-712,dev-75249
753,64.625,571,2023-07-09 19:34:56.235025152,fast-relay-193,dev-95168
754,56.5833333333333,679,2023-01-02 14:50:23.159687936,smart-relay-743,dev-63264
755,56.5833333333333,679,2023-04-21 20:11:10.319955456,tiny-thermo-411,dev-51983
756,64.625,571,2023-04-27 19:32:42.545574912,sharp-thermo-957,dev-79454
757,54.52,679,2023-07-21 00:49:14.943515904,smart-cam-857,dev-6946
758,64.625,571,2023-12-29 14:24:28.358705664,silent-gateway-255,dev-20785
759,56.5833333333333,679,2023-11-20 17:08:43.252394752,sharp-gateway-965,dev-46704
760,64.625,571,2023-10-19 20:30:11.158310144,sharp-gateway-214,dev-76197
761,54.52,679,2023-09-17 05:13:37.327299584,silent-tracker-590,dev-63120
762,64.625,571,2023-09-12 00:27:49.482919424,fast-gateway-695,dev-2935
763,56.5833333333333,679,2023-02-19 11:17:33.945879808,bright-cam-557,dev-63710
764,64.625,571,2023-06-24 02:24:53.649002752,sharp-thermo-178,dev-24131
765,0.0,0,2023-02-12 21:25:22.358496000,sharp-cam-735,dev-32611
766,64.625,679,2023-10-30 12:32:00.019712256,fast-meter-723,dev-91570
767,64.625,546,2023-12-07 17:15:47.756486144,silent-relay-364,dev-76723
768,64.625,571,2023-03-07 11:03:09.831535360,fast-cam-758,dev-73773
769,56.5833333333333,679,2023-10-14 02:39:09.260491008,sharp-tracker-196,dev-34782
770,56.5833333333333,679,2023-12-04 02:33:26.335723776,silent-tracker-374,dev-12984
771,64.625,571,2023-08-23 07:15:56.238542336,sharp-meter-891,dev-83292
772,52.2307692307692,679,2023-04-29 03:54:11.022874368,bright-tracker-476,dev-37142
773,64.625,571,2023-04-28 12:18:43.802926336,tiny-meter-691,dev-19733
774,64.625,679,2023-11-09 23:36:35.274597120,silent-tracker-835,dev-24230
775,64.625,571,2023-09-10 11:17:39.023299584,fast-gateway-562,dev-17957
776,52.2307692307692,679,2023-01-17 08:32:59.675704320,bright-relay-432,dev-22014
777,51.9090909090909,571,2023-10-01 05:18:28.873774592,smart-thermo-160,dev-13881
778,64.625,679,2023-12-01 07:23:53.631050752,tiny-relay-874,dev-5669
779,64.625,679,2023-09-01 09:21:09.311415552,tiny-relay-659,dev-45362
780,56.5833333333333,679,2023-02-27 18:11:34.856623616,silent-meter-286,dev-590
781,64.625,571,2023-01-19 13:15:00.993900288,tiny-thermo-614,dev-36675
782,56.5833333333333,679,2023-08-10 18:25:42.545487360,tiny-tracker-946,dev-80368
783,64.625,571,2023-12-08 13:20:15.763630080,smart-relay-776,dev-5913
784,56.5833333333333,679,2023-07-21 08:08:28.112712704,silent-meter-856,dev-37412
785,64.625,571,2023-12-20 10:17:31.579126528,bright-meter-551,dev-94438
786,64.625,679,2023-10-03 15:35:38.998915072,silent-cam-548,dev-42001
787,64.625,571,2023-07-27 18:34:34.196009728,silent-cam-322,dev-58272
788,52.2307692307692,679,2023-07-06 11:39:33.744306688,bright-gateway-166,dev-67405
789,64.625,571,2023-09-21 21:02:07.327124224,silent-gateway-731,dev-58511
790,56.5833333333333,679,2023-06-17 11:54:50.288165632,silent-tracker-209,dev-74512
791,64.625,571,2023-12-01 14:25:53.015234560,fast-cam-166,dev-51191
792,64.625,679,2023-10-03 22:03:14.915195136,sharp-thermo-155,dev-91101
793,64.625,571,2023-10-11 23:20:42.035100928,tiny-tracker-797,dev-65901
794,56.5833333333333,679,2023-01-18 08:42:12.081689856,tiny-thermo-226,dev-17483
795,64.625,571,2023-07-02 06:16:27.376762368,sharp-tracker-614,dev-94716
796,0.0,0,2023-05-26 01:50:57.514421504,sharp-meter-933,dev-69661
797,64.625,679,2023-02-26 15:32:05.679751424,tiny-relay-644,dev-21532
798,64.625,546,2023-01-29 10:41:56.744978944,tiny-meter-548,dev-27718
799,64.625,571,2023-01-23 02:21:37.303731456,bright-meter-219,dev-76863
800,52.2307692307692,679,2023-02-19 16:07:55.683434752,smart-gateway-872,dev-7436
801,0.0,0,2023-05-11 02:34:43.469486080,bright-meter-876,dev-87469
802,0.0,0,2023-04-11 09:00:36.277841920,bright-thermo-446,dev-90566
803,0.0,0,2023-09-07 16:09:33.228026112,silent-meter-211,dev-8171
804,0.0,0,2023-03-02 07:43:43.250833408,bright-relay-785,dev-87928
805,0.0,0,2023-10-08 17:17:39.250546944,silent-tracker-143,dev-35959
806,0.0,0,2023-04-13 20:54:24.384570112,smart-thermo-751,dev-31691
807,0.0,0,2023-07-12 08:54:14.937794048,bright-cam-256,dev-99430
808,0.0,0,2023-10-26 22:11:14.167410432,smart-relay-268,dev-38054
809,0.0,0,2023-03-02 10:55:44.734185216,sharp-meter-712,dev-35780
810,0.0,0,2023-04-09 01:16:11.911154688,fast-tracker-816,dev-47351
811,0.0,0,2023-02-04 22:07:52.307220480,smart-relay-778,dev-48780
812,0.0,0,2023-12-27 11:34:51.044245248,sharp-tracker-798,dev-39827
813,0.0,0,2023-08-03 04:09:10.050572544,fast-meter-697,dev-90185
814,0.0,0,2023-09-27 04:38:17.805737984,fast-meter-816,dev-17339
815,0.0,0,2023-04-18 22:43:41.976029440,smart-cam-176,dev-50454
816,0.0,0,2023-01-07 19:54:24.541485056,bright-tracker-117,dev-42993
817,0.0,0,2023-09-16 07:59:24.497104896,silent-thermo-414,dev-14863
818,0.0,0,2023-08-24 17:38:40.545101312,smart-relay-948,dev-10944
819,0.0,0,2023-12-09 01:58:20.581398784,smart-gateway-358,dev-32210
820,0.0,0,2023-11-18 21:46:45.140395008,tiny-gateway-321,dev-65986
821,0.0,0,2023-03-18 12:21:38.499572480,tiny-thermo-888,dev-84325
822,0.0,0,2023-04-04 16:27:58.771781632,silent-relay-107,dev-26197
823,0.0,0,2023-01-05 00:27:34.243654400,fast-relay-983,dev-97422
824,0.0,0,2023-03-30 22:02:46.301863936,sharp-tracker-913,dev-21352
825,0.0,0,2023-02-16 17:44:11.371553024,fast-cam-950,dev-54612
826,0.0,0,2023-03-17 00:27:15.554017280,smart-relay-803,dev-20195
827,0.0,0,2023-07-19 14:38:17.205828096,sharp-cam-946,dev-8509
828,0.0,0,2023-04-07 15:04:01.363887360,smart-thermo-570,dev-42150
829,0.0,0,2023-08-27 13:51:35.806886912,fast-relay-527,dev-11936
830,0.0,0,2023-05-22 09:51:27.966737152,bright-relay-635,dev-42741
831,0.0,0,2023-03-27 07:04:01.984283904,silent-tracker-530,dev-79314
832,0.0,0,2023-09-22 02:11:44.191310848,sharp-thermo-268,dev-70951
833,0.0,0,2023-02-10 12:33:02.048488960,tiny-relay-796,dev-3877
834,0.0,0,2023-12-20 13:14:24.625856512,silent-cam-374,dev-91477
835,0.0,0,2023-11-22 15:12:27.389027584,tiny-tracker-770,dev-42348
836,0.0,0,2023-12-04 16:07:11.901558016,sharp-cam-413,dev-50097
837,0.0,0,2023-03-01 20:10:26.325030144,smart-gateway-330,dev-3256
838,0.0,0,2023-03-02 12:07:50.761586688,fast-cam-541,dev-74574
839,0.0,0,2023-06-24 03:37:12.212223232,bright-cam-560,dev-22228
840,0.0,0,2023-08-27 13:36:57.426971648,sharp-meter-740,dev-57028
841,0.0,0,2023-04-13 23:46:32.391218176,fast-tracker-846,dev-34568
842,0.0,0,2023-09-08 17:34:20.114856960,fast-gateway-506,dev-39246
843,0.0,0,2023-05-08 05:06:26.252660480,silent-thermo-578,dev-46795
844,0.0,0,2023-12-24 08:05:34.146872576,smart-gateway-135,dev-39466
845,0.0,0,2023-10-28 03:48:46.360282624,silent-thermo-523,dev-76205
846,0.0,0,2023-03-24 14:30:29.267360000,sharp-thermo-372,dev-11062
847,0.0,0,2023-02-16 11:54:31.235996928,bright-meter-216,dev-35578
848,0.0,0,2023-08-21 23:19:45.559689216,silent-relay-721,dev-27632
849,0.0,0,2023-10-11 08:40:11.256706304,sharp-tracker-120,dev-83801
850,0.0,0,2023-08-03 20:37:25.190032384,smart-cam-208,dev-96316
851,0.0,0,2023-03-14 22:39:59.919172608,sharp-cam-290,dev-13663
852,0.0,0,2023-11-28 11:41:11.229326080,bright-cam-875,dev-7190
853,0.0,0,2023-10-17 04:31:04.684703488,smart-cam-538,dev-15715
854,0.0,0,2023-01-02 03:12:32.383409152,tiny-gateway-525,dev-31533
855,0.0,0,2023-07-10 06:38:27.075066624,fast-tracker-412,dev-41253
856,0.0,0,2023-07-04 21:56:08.640916224,silent-relay-616,dev-86154
857,0.0,0,2023-04-22 11:47:59.835356928,sharp-relay-692,dev-45456
858,0.0,0,2023-02-16 21:29:58.847687424,fast-thermo-647,dev-87625
859,0.0,0,2023-07-07 10:15:38.448646400,bright-thermo-673,dev-71873
860,0.0,0,2023-07-09 10:37:43.341225216,sharp-meter-315,dev-84941
861,0.0,0,2023-05-20 18:30:53.600457216,bright-gateway-877,dev-21581
862,0.0,0,2023-06-22 13:52:18.532428800,silent-relay-773,dev-85295
863,0.0,0,2023-05-27 13:02:03.673823744,silent-meter-791,dev-92360
864,0.0,0,2023-08-09 13:12:49.217610240,fast-tracker-788,dev-18168
865,0.0,0,2023-11-19 11:53:11.424642816,silent-meter-718,dev-74743
866,0.0,0,2023-05-05 11:04:14.817463296,smart-meter-612,dev-50384
867,0.0,0,2023-09-19 14:24:52.014316800,smart-tracker-577,dev-81192
868,0.0,0,2023-12-17 05:48:00.683608576,tiny-gateway-876,dev-5581
869,0.0,0,2023-12-19 15:22:05.108467968,tiny-meter-707,dev-26504
870,0.0,0,2023-12-03 11:28:46.403116544,fast-tracker-549,dev-67025
871,0.0,0,2023-05-15 19:08:33.472307968,smart-thermo-684,dev-88329
872,0.0,0,2023-11-14 22:42:38.749247488,silent-tracker-345,dev-91129
873,0.0,0,2023-06-26 07:42:38.645736192,tiny-relay-977,dev-54644
874,0.0,0,2023-08-21 02:19:25.695071744,silent-meter-680,dev-70542
875,0.0,0,2023-10-29 03:32:20.459198976,bright-thermo-717,dev-84906
876,0.0,0,2023-04-27 11:41:35.540835584,sharp-thermo-782,dev-53834
877,0.0,0,2023-01-29 22:13:47.910981120,fast-thermo-921,dev-70313
878,0.0,0,2023-04-12 13:45:57.698168064,tiny-cam-567,dev-21460
879,0.0,0,2023-05-23 13:50:12.952561664,tiny-relay-902,dev-42914
880,0.0,0,2023-01-02 00:23:39.994108928,smart-tracker-981,dev-22862
881,0.0,0,2023-05-19 06:21:21.575125248,fast-thermo-846,dev-18788
882,0.0,0,2023-08-10 23:16:55.981415936,fast-thermo-387,dev-45765
883,0.0,0,2023-04-17 18:23:13.181472000,bright-relay-222,dev-14562
884,0.0,0,2023-10-20 15:19:26.863730688,smart-cam-793,dev-68055
885,0.0,0,2023-05-21 23:12:32.396321792,fast-cam-265,dev-15481
886,0.0,0,2023-01-14 07:55:35.660270336,fast-relay-791,dev-69066
887,0.0,0,2023-01-04 11:34:11.741950976,tiny-gateway-793,dev-96414
888,0.0,0,2023-08-27 02:01:41.592475904,tiny-thermo-614,dev-36675
889,0.0,0,2023-07-08 16:05:40.539443456,smart-tracker-573,dev-93744
890,0.0,0,2023-08-10 08:51:10.960704256,bright-meter-436,dev-7665
891,0.0,0,2023-02-12 05:53:08.789835264,bright-cam-932,dev-60960
892,0.0,0,2023-07-22 01:42:45.023789312,fast-gateway-303,dev-57722
893,0.0,0,2023-10-25 13:20:19.424598016,smart-gateway-266,dev-40227
894,0.0,0,2023-06-21 19:11:44.084364800,tiny-gateway-551,dev-54442
895,0.0,0,2023-06-12 21:30:37.104079872,silent-tracker-297,dev-6720
896,0.0,0,2023-12-19 17:00:33.967335936,smart-cam-810,dev-91838
897,0.0,0,2023-06-06 14:28:02.573758208,silent-gateway-181,dev-46125
898,0.0,0,2023-01-12 08:32:29.114692608,smart-gateway-350,dev-84503
899,0.0,0,2023-04-23 21:06:55.766382592,bright-thermo-874,dev-80189
900,0.0,0,2023-11-04 11:55:24.182401024,tiny-thermo-169,dev-56076
901,0.0,0,2023-10-28 22:51:51.108242944,bright-gateway-824,dev-83633
902,0.0,0,2023-07-29 16:49:08.537495552,bright-tracker-571,dev-20621
903,0.0,0,2023-02-04 06:38:56.175844864,fast-meter-463,dev-23666
904,0.0,0,2023-01-17 07:09:06.527011584,silent-tracker-615,dev-59419
905,0.0,0,2023-10-06 16:58:27.287159808,smart-thermo-394,dev-84115
906,0.0,0,2023-08-31 08:00:50.883978496,silent-gateway-423,dev-73016
907,0.0,0,2023-05-13 02:10:55.108677120,smart-gateway-637,dev-97969
908,0.0,0,2023-12-09 09:58:27.031904768,smart-relay-636,dev-14113
909,0.0,0,2023-12-17 11:13:42.167840768,sharp-gateway-314,dev-55993
910,0.0,0,2023-05-17 20:21:14.891293184,tiny-tracker-247,dev-80357
911,0.0,0,2023-11-07 18:36:26.028073728,tiny-gateway-377,dev-71277
912,0.0,0,2023-08-09 13:37:10.488863232,sharp-tracker-493,dev-37763
913,0.0,0,2023-06-01 06:49:22.888919296,bright-relay-176,dev-41709
914,0.0,0,2023-09-09 04:09:35.041619200,sharp-tracker-409,dev-97499
915,0.0,0,2023-07-27 05:28:12.732205568,smart-cam-870,dev-89240
916,0.0,0,2023-04-06 14:20:30.765646336,fast-meter-601,dev-75701
917,0.0,0,2023-01-05 12:34:42.230602752,silent-cam-621,dev-44433
918,0.0,0,2023-11-06 19:08:35.050932736,tiny-gateway-104,dev-28159
919,0.0,0,2023-07-28 04:59:42.471008768,silent-thermo-739,dev-43666
920,0.0,0,2023-12-12 19:03:05.669843968,sharp-tracker-712,dev-80710
921,0.0,0,2023-03-04 20:57:01.166282496,silent-tracker-710,dev-48061
922,0.0,0,2023-09-14 17:56:10.590656768,sharp-gateway-401,dev-35224
923,0.0,0,2023-07-06 08:51:10.401332992,smart-thermo-856,dev-70031
924,0.0,0,2023-03-29 08:18:44.237266688,sharp-thermo-544,dev-76649
925,0.0,0,2023-12-10 09:15:02.427257344,silent-meter-446,dev-900
926,0.0,0,2023-07-05 07:14:40.655345920,tiny-thermo-753,dev-49568
927,0.0,0,2023-09-10 14:36:59.462575616,tiny-meter-437,dev-73989
928,0.0,0,2023-03-24 02:18:48.853152512,smart-tracker-512,dev-58521
929,0.0,0,2023-03-16 02:31:24.501399808,fast-meter-626,dev-36231
930,0.0,0,2023-07-02 04:25:19.133999360,silent-cam-129,dev-98771
931,0.0,0,2023-02-26 00:52:23.541822208,fast-meter-655,dev-81186
932,0.0,0,2023-10-06 16:51:33.525491712,bright-tracker-925,dev-68349
933,0.0,0,2023-03-07 19:46:53.502248448,bright-cam-647,dev-65363
934,0.0,0,2023-08-01 05:53:18.363381760,tiny-relay-808,dev-75667
935,0.0,0,2023-12-09 20:08:34.967098368,fast-tracker-681,dev-81837
936,0.0,0,2023-09-23 12:14:46.778122496,smart-gateway-528,dev-18266
937,0.0,0,2023-03-19 18:12:58.512087808,silent-cam-108,dev-3750
938,0.0,0,2023-03-19 13:04:39.830066176,tiny-relay-506,dev-15679
939,0.0,0,2023-03-23 23:48:50.779809792,sharp-meter-247,dev-75911
940,0.0,0,2023-11-23 01:36:01.567840256,silent-gateway-545,dev-20000
941,0.0,0,2023-12-12 17:08:06.242180352,sharp-thermo-732,dev-96378
942,0.0,0,2023-03-13 20:31:14.379728640,smart-cam-313,dev-34392
943,0.0,0,2023-02-27 11:10:48.441290240,silent-gateway-746,dev-32537
944,0.0,0,2023-03-26 04:55:07.306832384,bright-cam-223,dev-21842
945,0.0,0,2023-07-04 23:44:15.285889024,fast-meter-806,dev-75912
946,0.0,0,2023-06-16 04:52:42.622529536,bright-tracker-490,dev-25167
947,0.0,0,2023-01-12 12:38:22.540801536,silent-tracker-598,dev-7030
948,0.0,0,2023-02-22 09:08:51.250673664,silent-gateway-156,dev-17229
949,0.0,0,2023-04-13 21:47:00.635811584,sharp-tracker-735,dev-50094
950,0.0,0,2023-06-24 12:33:15.786548992,tiny-gateway-887,dev-11303
951,0.0,0,2023-12-08 16:24:34.029048320,fast-cam-729,dev-20236
952,0.0,0,2023-08-02 23:24:42.092740608,silent-thermo-766,dev-97564
953,0.0,0,2023-08-27 00:05:25.330395648,silent-gateway-585,dev-28372
954,0.0,0,2023-01-10 18:35:56.100010240,bright-relay-954,dev-98281
955,0.0,0,2023-06-26 17:57:46.188440320,fast-cam-163,dev-81089
956,0.0,0,2023-03-28 21:13:15.381969920,sharp-thermo-766,dev-8255
957,0.0,0,2023-05-27 08:19:12.261889792,smart-thermo-711,dev-51478
958,0.0,0,2023-01-18 09:26:28.671240448,smart-relay-614,dev-87861
959,0.0,0,2023-10-17 01:28:29.779500032,fast-relay-882,dev-21164
960,0.0,0,2023-04-06 18:37:46.398266112,tiny-tracker-134,dev-65007
961,0.0,0,2023-10-31 12:47:47.361062912,tiny-meter-727,dev-89264
962,0.0,0,2023-12-04 05:36:44.158773504,bright-meter-935,dev-91680
963,0.0,0,2023-08-24 16:18:26.233116160,tiny-relay-278,dev-39627
964,0.0,0,2023-08-03 02:58:58.171556864,bright-relay-316,dev-26715
965,0.0,0,2023-09-04 20:10:14.873500416,sharp-thermo-634,dev-40797
966,0.0,0,2023-03-03 11:25:27.473671680,tiny-relay-273,dev-78794
967,0.0,0,2023-03-07 09:31:29.872505600,bright-relay-993,dev-40595
968,0.0,0,2023-11-28 15:10:58.062438912,sharp-thermo-655,dev-28380
969,0.0,0,2023-08-25 07:56:44.952256512,sharp-tracker-390,dev-44255
970,0.0,0,2023-07-24 04:43:45.023725056,fast-tracker-652,dev-41698
971,0.0,0,2023-10-30 01:17:05.454686208,fast-tracker-581,dev-51589
972,0.0,0,2023-06-25 17:10:14.327532032,tiny-meter-992,dev-90321
973,0.0,0,2023-01-20 19:41:52.590937344,silent-relay-439,dev-32585
974,0.0,0,2023-04-04 22:35:54.626489344,bright-gateway-470,dev-85033
975,0.0,0,2023-01-15 14:31:49.377100288,bright-gateway-316,dev-27538
976,0.0,0,2023-03-06 22:21:13.816821504,sharp-tracker-521,dev-51253
977,0.0,0,2023-04-02 00:55:42.829933824,fast-meter-458,dev-85308
978,0.0,0,2023-09-03 16:27:24.792626944,bright-relay-808,dev-76697
979,0.0,0,2023-02-03 10:49:19.012052992,smart-relay-725,dev-71385
980,0.0,0,2023-08-26 18:17:32.359744256,smart-tracker-830,dev-16803
981,0.0,0,2023-02-04 06:38:26.292171520,silent-relay-231,dev-26741
982,0.0,0,2023-05-03 06:53:57.087430912,tiny-meter-866,dev-25688
983,0.0,0,2023-06-12 14:25:50.692362752,fast-gateway-965,dev-69968
984,0.0,0,2023-01-22 07:03:52.846092800,sharp-relay-361,dev-56236
985,0.0,0,2023-02-12 12:08:21.037756672,fast-thermo-718,dev-98318
986,0.0,0,2023-02-06 01:14:27.818008320,tiny-thermo-411,dev-51983
987,0.0,0,2023-10-12 01:56:26.150141440,tiny-relay-297,dev-98142
988,0.0,0,2023-05-03 19:57:00.040809728,sharp-gateway-251,dev-77032
989,0.0,0,2023-06-15 22:58:53.476423168,silent-cam-847,dev-61752
990,0.0,0,2023-05-20 18:33:02.385354240,silent-relay-676,dev-24114
991,0.0,0,2023-11-01 06:13:11.966565120,smart-meter-197,dev-43952
992,0.0,0,2023-07-22 23:38:06.547935232,smart-gateway-229,dev-21283
993,0.0,0,2023-06-28 03:38:34.793434624,tiny-thermo-722,dev-28027
994,0.0,0,2023-02-06 22:59:07.309884672,fast-tracker-161,dev-75043
995,0.0,0,2023-10-16 16:08:00.564742144,sharp-meter-928,dev-99544
996,0.0,0,2023-02-07 03:36:09.489573376,smart-thermo-873,dev-7753
997,0.0,0,2023-07-26 21:32:35.371525632,bright-thermo-477,dev-32050
998,0.0,0,2023-10-19 22:43:14.498130176,fast-gateway-431,dev-64162
999,0.0,0,2023-05-09 06:44:36.458969600,tiny-relay-296,dev-30772
1000,0.0,0,2023-07-31 16:44:31.298643712,smart-gateway-487,dev-23139
1001,300.487804878049,12320,2023-02-07 22:22:02.268901120,sharp-relay-966,dev-58128
1002,300.487804878049,12320,2023-03-26 08:46:31.161297920,silent-cam-286,dev-30663
1003,302.048780487805,12384,2023-10-06 11:27:00.682068736,sharp-cam-998,dev-65563
1004,302.048780487805,12384,2023-10-24 14:33:21.919031296,bright-cam-482,dev-24037
1005,279.636363636364,12304,2023-05-31 23:46:52.138445312,fast-thermo-959,dev-18882
1006,286.511627906977,12320,2023-05-16 09:07:22.182344448,smart-cam-971,dev-14552
1007,0.0,0,2023-01-22 21:26:29.890336000,silent-tracker-353,dev-11444
1008,300.878048780488,12336,2023-01-29 00:55:52.477020672,tiny-tracker-455,dev-49993
1009,280.363636363636,12336,2023-12-13 02:43:41.472421376,silent-gateway-372,dev-56311
1010,301.268292682927,12352,2023-09-17 10:51:57.329298944,fast-tracker-536,dev-78886
1011,300.878048780488,12336,2023-12-22 04:23:50.535713280,tiny-gateway-615,dev-60401
1012,377.702702702703,13975,2023-05-05 14:22:35.922675968,tiny-meter-937,dev-21893
1013,302.048780487805,12384,2023-07-17 23:20:38.041295104,tiny-relay-459,dev-7351
1014,300.487804878049,12320,2023-08-07 05:02:47.520345344,bright-thermo-708,dev-75041
1015,286.883720930233,12336,2023-10-15 11:17:15.257960192,smart-tracker-263,dev-48467
1016,377.135135135135,13954,2023-09-20 01:15:21.412304384,sharp-tracker-635,dev-62514
1017,300.878048780488,12336,2023-04-03 14:42:32.273628160,tiny-relay-821,dev-655
1018,303.219512195122,12432,2023-05-25 21:01:02.611436032,silent-cam-474,dev-68784
1019,301.268292682927,12352,2023-05-17 02:07:52.890618112,fast-relay-416,dev-50922
1020,0.0,0,2023-08-05 20:19:22.093820928,sharp-thermo-524,dev-85428
1021,300.878048780488,12336,2023-04-06 08:43:26.579298048,smart-meter-204,dev-83548
1022,302.829268292683,12416,2023-12-17 12:50:24.974094848,bright-cam-153,dev-95647
1023,376.702702702703,13938,2023-12-10 17:54:38.303863296,smart-gateway-821,dev-64695
1024,377.702702702703,13975,2023-01-12 07:05:03.648915456,fast-thermo-867,dev-92070
1025,301.658536585366,12368,2023-07-11 11:52:25.099407872,tiny-cam-126,dev-27840
1026,302.439024390244,12400,2023-04-16 14:38:32.553959680,fast-tracker-865,dev-66737
1027,218.375,6988,2023-06-08 16:55:40.215361536,tiny-tracker-550,dev-89422
1028,301.658536585366,12368,2023-06-30 00:50:56.822932480,sharp-thermo-189,dev-74262
1029,301.268292682927,12352,2023-05-14 09:46:12.764947712,smart-tracker-508,dev-51978
1030,0.0,0,2023-08-03 17:39:52.943024128,smart-gateway-134,dev-53645
1031,300.487804878049,12320,2023-10-28 05:23:52.469830912,fast-meter-913,dev-33037
1032,0.0,0,2023-03-09 19:27:18.047567360,smart-cam-122,dev-98850
1033,286.883720930233,12336,2023-05-31 23:16:01.678172672,smart-relay-925,dev-84212
1034,299.707317073171,12288,2023-12-11 08:42:09.770731264,smart-tracker-959,dev-1790
1035,299.707317073171,12288,2023-07-11 01:53:07.754273536,sharp-gateway-911,dev-8107
1036,302.439024390244,12400,2023-04-30 20:25:57.865178112,tiny-tracker-201,dev-48782
1037,300.09756097561,12304,2023-12-16 08:24:19.190613760,tiny-relay-392,dev-44991
1038,267.478260869565,12304,2023-07-16 00:52:45.547625216,sharp-relay-381,dev-5611
1039,301.658536585366,12368,2023-01-13 00:36:31.504507136,tiny-meter-674,dev-37755
1040,299.707317073171,12288,2023-04-14 06:49:43.095623168,fast-thermo-848,dev-85762
1041,0.0,0,2023-09-02 01:08:22.733597696,smart-tracker-578,dev-76415
1042,302.829268292683,12416,2023-12-11 18:33:32.326070272,bright-cam-111,dev-5110
1043,376.702702702703,13938,2023-12-30 22:45:33.635030016,bright-gateway-713,dev-27600
1044,377.702702702703,13975,2023-05-18 21:11:31.578728192,sharp-meter-238,dev-65289
1045,301.658536585366,12368,2023-11-09 16:50:42.949579264,sharp-thermo-964,dev-13497
1046,299.317073170732,12272,2023-03-10 16:35:13.688760064,bright-gateway-537,dev-24382
1047,300.487804878049,12320,2023-02-27 21:30:30.352168448,bright-relay-869,dev-6127
1048,278.545454545455,12256,2023-01-15 05:54:27.709360384,sharp-relay-889,dev-30483
1049,0.0,0,2023-04-24 05:21:57.710886400,silent-relay-880,dev-84304
1050,301.658536585366,12368,2023-07-08 12:11:52.214060800,bright-relay-537,dev-42818
1051,280.0,12320,2023-09-18 23:08:02.975665408,tiny-cam-559,dev-51796
1052,301.268292682927,12352,2023-10-21 00:10:19.495178496,bright-thermo-854,dev-20747
1053,300.487804878049,12320,2023-04-13 02:29:38.979629824,bright-gateway-135,dev-23567
1054,0.0,0,2023-02-23 21:41:00.236963840,tiny-gateway-848,dev-87139
1055,280.727272727273,12352,2023-01-16 14:13:10.937469184,bright-tracker-846,dev-89694
1056,281.818181818182,12400,2023-03-09 02:45:45.644891392,bright-meter-630,dev-46410
1057,376.405405405405,13927,2023-11-20 08:55:47.880646400,fast-relay-701,dev-99441
1058,0.0,0,2023-12-21 11:25:27.036121856,fast-tracker-879,dev-5765
1059,301.658536585366,12368,2023-03-24 18:16:24.599464704,bright-meter-812,dev-1648
1060,300.487804878049,12320,2023-10-20 16:29:45.049222144,bright-relay-149,dev-17937
1061,281.818181818182,12400,2023-11-11 15:02:08.795472128,silent-relay-401,dev-20159
1062,300.878048780488,12336,2023-09-08 10:17:59.031055360,tiny-tracker-547,dev-61324
1063,300.878048780488,12336,2023-07-03 06:22:51.896286464,silent-tracker-468,dev-78604
1064,300.878048780488,12336,2023-06-24 13:53:30.998630912,tiny-gateway-419,dev-29243
1065,359.282051282051,14012,2023-10-06 12:46:24.401459456,tiny-thermo-391,dev-12270
1066,300.487804878049,12320,2023-01-04 17:47:22.442700288,tiny-tracker-454,dev-84125
1067,300.878048780488,12336,2023-08-22 13:13:02.318519296,smart-gateway-811,dev-52172
1068,300.878048780488,12336,2023-12-06 06:56:35.296024832,silent-cam-782,dev-5091
1069,288.0,12384,2023-05-22 01:09:40.090949888,bright-tracker-790,dev-61389
1070,301.658536585366,12368,2023-05-13 08:37:20.010974976,smart-meter-258,dev-48718
1071,301.268292682927,12352,2023-08-21 21:45:11.824397312,bright-thermo-459,dev-24989
1072,302.048780487805,12384,2023-02-17 18:26:57.391693056,silent-cam-628,dev-41513
1073,301.268292682927,12352,2023-03-31 16:07:29.290358528,sharp-tracker-945,dev-26398
1074,301.268292682927,12352,2023-11-06 16:50:07.173458432,smart-relay-422,dev-61307
1075,0.0,0,2023-06-07 06:06:15.283640832,smart-thermo-438,dev-96093
1076,299.317073170732,12272,2023-08-19 15:12:59.193886720,bright-gateway-794,dev-10382
1077,0.0,0,2023-11-06 17:56:12.210317568,tiny-relay-506,dev-15679
1078,300.487804878049,12320,2023-01-27 11:49:38.539160064,bright-meter-771,dev-76360
1079,387.611111111111,13954,2023-04-22 19:31:33.682280960,sharp-gateway-275,dev-47385
1080,298.926829268293,12256,2023-01-22 08:22:47.099990272,fast-meter-149,dev-27682
1081,277.913043478261,12784,2023-09-05 16:00:47.863791360,bright-cam-436,dev-81843
1082,302.829268292683,12416,2023-01-27 11:47:49.619813120,smart-gateway-270,dev-7188
1083,302.048780487805,12384,2023-09-29 10:59:20.153832960,tiny-cam-300,dev-54244
1084,300.487804878049,12320,2023-08-13 18:28:17.903734016,bright-cam-539,dev-34154
1085,301.268292682927,12352,2023-01-25 23:39:34.558610944,fast-gateway-830,dev-39076
1086,286.511627906977,12320,2023-01-05 13:46:00.416843520,tiny-meter-396,dev-50213
1087,301.658536585366,12368,2023-11-16 18:29:57.610811136,tiny-meter-302,dev-50080
1088,300.09756097561,12304,2023-12-24 23:08:30.365189888,fast-gateway-880,dev-25163
1089,301.658536585366,12368,2023-11-30 07:40:11.507776256,smart-cam-943,dev-18098
1090,350.0,15400,2023-02-17 06:43:15.721460480,bright-relay-686,dev-27499
1091,0.0,0,2023-09-01 16:48:59.186461696,silent-tracker-257,dev-1150
1092,299.707317073171,12288,2023-10-01 20:58:31.391572224,silent-tracker-409,dev-68215
1093,0.0,0,2023-09-09 11:52:45.026816000,tiny-thermo-835,dev-9482
1094,286.139534883721,12304,2023-11-24 09:18:56.707317504,sharp-thermo-874,dev-6502
1095,387.611111111111,13954,2023-09-09 02:45:38.871728640,silent-thermo-757,dev-61860
1096,0.0,0,2023-08-02 03:41:20.634901760,silent-relay-227,dev-97421
1097,303.609756097561,12448,2023-02-22 01:47:33.823601152,tiny-gateway-633,dev-12565
1098,299.317073170732,12272,2023-11-22 22:10:49.982011648,fast-relay-693,dev-64668
1099,301.268292682927,12352,2023-11-04 11:14:33.347138048,fast-meter-309,dev-47026
1100,387.166666666667,13938,2023-11-21 16:42:36.531841536,tiny-tracker-135,dev-79702
1101,0.0,0,2023-02-21 02:49:14.699723264,bright-meter-565,dev-73462
1102,0.0,0,2023-10-21 00:46:33.446407936,sharp-gateway-848,dev-31203
1103,0.0,0,2023-09-11 07:50:06.861743872,tiny-meter-897,dev-37180
1104,0.0,0,2023-06-24 21:57:14.374984960,smart-meter-304,dev-13046
1105,0.0,0,2023-04-21 07:38:11.982231552,sharp-cam-763,dev-8201
1106,0.0,0,2023-01-31 06:32:13.031746048,fast-gateway-257,dev-71524
1107,0.0,0,2023-10-24 14:52:03.341951232,silent-cam-224,dev-26246
1108,0.0,0,2023-12-06 12:01:43.748665856,smart-cam-613,dev-33725
1109,0.0,0,2023-05-20 00:55:53.927081984,fast-cam-415,dev-5373
1110,0.0,0,2023-10-05 00:27:12.188965120,silent-tracker-728,dev-40355
1111,0.0,0,2023-06-03 04:34:00.582446336,smart-tracker-598,dev-23996
1112,0.0,0,2023-08-16 19:30:04.703285248,smart-meter-710,dev-67795
1113,0.0,0,2023-01-05 17:06:18.228074752,sharp-tracker-458,dev-29567
1114,0.0,0,2023-09-13 18:40:39.999615488,tiny-thermo-623,dev-15665
1115,0.0,0,2023-09-16 10:11:02.859744512,sharp-thermo-518,dev-16743
1116,0.0,0,2023-02-08 09:17:49.833070848,bright-relay-756,dev-35038
1117,0.0,0,2023-03-07 10:07:00.123339776,silent-cam-789,dev-13497
1118,0.0,0,2023-04-19 21:54:25.576154624,fast-gateway-935,dev-60450
1119,0.0,0,2023-10-02 11:25:15.791910656,bright-tracker-395,dev-86821
1120,0.0,0,2023-05-30 16:46:15.536766464,sharp-relay-817,dev-21388
1121,0.0,0,2023-02-26 10:45:26.961801984,silent-thermo-726,dev-80025
1122,0.0,0,2023-03-07 22:31:29.750497024,bright-meter-214,dev-70214
1123,0.0,0,2023-02-28 07:10:16.558228992,smart-tracker-560,dev-42709
1124,0.0,0,2023-09-06 07:45:23.692051712,silent-meter-975,dev-79817
1125,0.0,0,2023-08-19 20:56:57.470459648,smart-tracker-233,dev-68753
1126,0.0,0,2023-10-17 20:29:13.656225792,tiny-tracker-526,dev-50369
1127,0.0,0,2023-05-05 15:27:14.912172032,fast-relay-230,dev-29347
1128,0.0,0,2023-10-25 08:55:43.150440192,tiny-relay-164,dev-83437
1129,0.0,0,2023-11-28 12:48:47.184081920,smart-thermo-474,dev-79447
1130,0.0,0,2023-03-16 23:18:54.200617216,smart-relay-447,dev-64573
1131,0.0,0,2023-01-01 10:23:40.737016832,bright-thermo-219,dev-40080
1132,0.0,0,2023-02-12 07:35:26.578942464,tiny-tracker-828,dev-10807
1133,0.0,0,2023-02-10 12:00:46.637126400,smart-tracker-636,dev-47641
1134,0.0,0,2023-09-18 11:47:04.726497792,silent-meter-300,dev-70259
1135,0.0,0,2023-11-05 00:18:12.817133312,smart-meter-914,dev-4140
1136,0.0,0,2023-06-12 13:36:41.466012672,tiny-meter-979,dev-72634
1137,0.0,0,2023-10-04 23:40:46.886485760,fast-relay-892,dev-94859
1138,0.0,0,2023-01-31 04:13:21.701351424,sharp-gateway-570,dev-60077
1139,0.0,0,2023-08-14 05:47:03.410907648,sharp-gateway-611,dev-55185
1140,0.0,0,2023-08-10 03:31:40.752501504,fast-relay-347,dev-25880
1141,0.0,0,2023-07-26 03:01:29.337564416,tiny-gateway-269,dev-68873
1142,0.0,0,2023-06-04 00:19:17.971612160,smart-cam-635,dev-91429
1143,0.0,0,2023-12-12 01:06:24.927984896,tiny-relay-562,dev-72788
1144,0.0,0,2023-11-25 01:37:47.716899072,silent-relay-890,dev-39471
1145,0.0,0,2023-11-04 09:28:06.092398080,smart-tracker-346,dev-65840
1146,0.0,0,2023-11-14 19:26:17.386421248,smart-gateway-756,dev-6437
1147,0.0,0,2023-08-03 09:04:13.887942400,silent-gateway-574,dev-24943
1148,0.0,0,2023-07-24 15:36:30.040089600,bright-cam-317,dev-79255
1149,0.0,0,2023-09-18 03:12:15.033270016,fast-meter-299,dev-80572
1150,0.0,0,2023-08-29 02:03:09.472241664,fast-gateway-190,dev-63390
1151,0.0,0,2023-06-08 09:48:46.491373824,silent-thermo-510,dev-13862
1152,0.0,0,2023-09-15 16:24:35.967656704,silent-meter-705,dev-20224
1153,0.0,0,2023-06-28 19:53:22.229107456,silent-relay-725,dev-18861
1154,0.0,0,2023-03-07 04:36:44.111404800,tiny-gateway-635,dev-6445
1155,0.0,0,2023-05-06 20:57:46.917725184,fast-tracker-619,dev-85217
1156,0.0,0,2023-08-15 01:43:16.162439424,fast-gateway-197,dev-92840
1157,0.0,0,2023-12-27 23:18:07.853913088,fast-cam-323,dev-75019
1158,0.0,0,2023-10-08 11:06:34.588449024,sharp-meter-320,dev-25627
1159,0.0,0,2023-01-24 06:33:05.942360320,fast-relay-918,dev-55448
1160,0.0,0,2023-05-21 23:11:01.605344768,fast-relay-736,dev-69425
1161,0.0,0,2023-01-23 19:56:46.062897152,bright-tracker-816,dev-63255
1162,0.0,0,2023-03-09 15:47:21.796947456,tiny-cam-286,dev-95150
1163,0.0,0,2023-03-22 04:41:53.055414784,sharp-relay-153,dev-30749
1164,0.0,0,2023-01-23 08:01:38.240431360,bright-gateway-318,dev-19982
1165,0.0,0,2023-08-16 16:35:21.487568128,smart-relay-695,dev-94209
1166,0.0,0,2023-06-02 21:35:37.664983040,tiny-tracker-521,dev-57926
1167,0.0,0,2023-01-06 22:56:39.364135424,sharp-meter-813,dev-63270
1168,0.0,0,2023-11-06 02:22:26.580025856,sharp-relay-332,dev-18016
1169,0.0,0,2023-04-16 23:11:56.084852480,sharp-tracker-134,dev-95052
1170,0.0,0,2023-11-07 10:57:11.361969920,smart-tracker-370,dev-55327
1171,0.0,0,2023-09-14 01:41:28.246661632,smart-tracker-691,dev-97986
1172,0.0,0,2023-08-08 23:09:06.438815744,fast-thermo-751,dev-68511
1173,0.0,0,2023-10-27 15:32:09.389399040,bright-thermo-361,dev-41146
1174,0.0,0,2023-04-04 16:29:01.677504768,silent-thermo-965,dev-9071
1175,0.0,0,2023-08-06 15:07:12.836146688,fast-meter-672,dev-61769
1176,0.0,0,2023-07-15 16:08:29.679660032,silent-gateway-392,dev-56898
1177,0.0,0,2023-11-23 15:08:07.607593984,fast-cam-716,dev-37918
1178,0.0,0,2023-08-16 20:56:33.077170944,silent-thermo-753,dev-94096
1179,0.0,0,2023-08-07 19:31:45.986309376,smart-meter-597,dev-45910
1180,0.0,0,2023-05-01 17:22:56.378887936,fast-cam-787,dev-50841
1181,0.0,0,2023-12-16 10:50:09.779787776,silent-gateway-624,dev-12984
1182,0.0,0,2023-06-19 10:33:43.551051520,silent-gateway-480,dev-84189
1183,0.0,0,2023-01-29 13:45:15.507049216,sharp-thermo-541,dev-70833
1184,0.0,0,2023-09-22 08:02:30.495953920,fast-gateway-287,dev-93720
1185,0.0,0,2023-07-06 06:17:42.135177472,bright-gateway-204,dev-31717
1186,0.0,0,2023-03-15 04:21:41.361045248,silent-gateway-175,dev-26525
1187,0.0,0,2023-10-02 15:42:20.694735616,fast-meter-583,dev-33319
1188,0.0,0,2023-06-18 15:22:39.479550720,smart-thermo-444,dev-60277
1189,0.0,0,2023-05-19 22:47:08.766038016,sharp-gateway-493,dev-83068
1190,0.0,0,2023-06-12 18:32:06.648187648,bright-cam-706,dev-9141
1191,0.0,0,2023-03-23 03:44:43.387460864,bright-relay-278,dev-97099
1192,0.0,0,2023-10-01 09:59:08.430202368,fast-tracker-455,dev-14260
1193,0.0,0,2023-03-09 06:22:21.837938432,tiny-thermo-545,dev-9664
1194,0.0,0,2023-10-23 21:14:13.824928512,tiny-tracker-482,dev-36851
1195,0.0,0,2023-09-23 00:17:13.731971328,smart-tracker-565,dev-34962
1196,0.0,0,2023-09-13 19:28:44.679093248,fast-gateway-724,dev-41590
1197,0.0,0,2023-10-24 04:13:42.891826688,sharp-cam-961,dev-24619
1198,0.0,0,2023-11-14 02:21:44.595968768,fast-relay-430,dev-15205
1199,0.0,0,2023-12-21 05:27:53.649696768,tiny-tracker-802,dev-7720
1200,0.0,0,2023-01-18 09:42:18.710554624,smart-relay-899,dev-34597
1201,29.0740740740741,785,2023-03-14 14:51:11.812484864,silent-gateway-469,dev-37707
1202,62.3,623,2023-04-25 08:14:52.351636480,silent-tracker-218,dev-67037
1203,57.0218579234973,10435,2023-05-20 15:54:08.780203520,fast-tracker-549,dev-67025
1204,267.526315789474,5083,2023-09-11 01:07:38.133086464,tiny-gateway-153,dev-32441
1205,73.8461538461538,960,2023-10-18 23:24:28.725270528,sharp-thermo-408,dev-85914
1206,55.1891891891892,2042,2023-04-01 02:14:25.774120960,tiny-cam-101,dev-98993
1207,56.5833333333333,679,2023-02-07 01:42:15.996083968,bright-tracker-404,dev-79346
1208,0.0,0,2023-08-09 21:11:36.921738752,tiny-gateway-242,dev-68995
1209,56.5833333333333,3395,2023-04-15 00:59:54.173626368,smart-relay-552,dev-2212
1210,120.0,960,2023-10-20 10:25:13.293947648,sharp-tracker-530,dev-21299
1211,84.0625,1345,2023-08-30 03:51:05.644319488,fast-cam-547,dev-18192
1212,0.0,0,2023-03-15 17:25:29.443257088,fast-gateway-823,dev-95574
1213,4.46022727272727,785,2023-08-13 21:07:23.527301120,bright-thermo-318,dev-37841
1214,39.25,785,2023-10-11 04:32:44.928170240,smart-cam-447,dev-97095
1215,59.22,5922,2023-04-10 07:21:14.521272064,sharp-gateway-371,dev-82779
1216,0.0,0,2023-01-11 00:19:01.449748992,fast-cam-858,dev-57530
1217,56.5833333333333,679,2023-07-18 11:11:57.559793664,smart-relay-485,dev-92252
1218,59.22,5922,2023-05-08 09:02:38.294378496,fast-gateway-168,dev-83036
1219,56.5833333333333,679,2023-11-30 03:49:18.932541440,silent-thermo-530,dev-95653
1220,56.5833333333333,3395,2023-06-27 10:59:05.602125568,silent-cam-177,dev-92377
1221,52.2307692307692,679,2023-04-29 07:07:20.451552768,sharp-cam-941,dev-67250
1222,120.0,960,2023-03-28 19:29:58.463040256,bright-tracker-809,dev-57271
1223,60.5769230769231,3150,2023-06-19 05:40:19.749469184,tiny-gateway-401,dev-71356
1224,80.0,960,2023-06-13 11:45:23.718841344,tiny-meter-477,dev-14386
1225,56.5833333333333,679,2023-11-17 17:44:57.545684480,sharp-tracker-711,dev-30647
1226,56.5833333333333,679,2023-04-21 01:55:37.914214912,silent-cam-541,dev-18159
1227,56.5833333333333,2716,2023-06-01 20:37:10.954320384,smart-gateway-683,dev-15723
1228,120.0,960,2023-12-24 09:57:59.597305344,fast-thermo-357,dev-98087
1229,120.0,960,2023-10-17 07:30:19.991341312,tiny-thermo-348,dev-48164
1230,56.5833333333333,1358,2023-03-12 07:39:28.215557376,sharp-relay-508,dev-5181
1231,56.5833333333333,679,2023-04-17 04:42:07.004772352,fast-thermo-955,dev-33037
1232,60.4285714285714,2961,2023-01-30 08:10:00.952272384,silent-tracker-803,dev-32598
1233,56.5833333333333,679,2023-10-18 09:40:05.223328000,smart-relay-465,dev-39169
1234,0.0,0,2023-10-12 08:34:55.245884928,smart-meter-804,dev-20745
1235,79.6,796,2023-02-04 18:48:47.746385920,fast-cam-573,dev-40598
1236,2.16850828729282,785,2023-07-04 13:07:39.510044672,fast-gateway-707,dev-94521
1237,0.0,0,2023-04-19 03:25:23.064847616,smart-thermo-573,dev-21379
1238,60.5769230769231,3150,2023-06-30 14:18:21.939638272,silent-gateway-447,dev-67434
1239,87.4666666666667,1312,2023-02-06 10:32:32.506575360,bright-gateway-482,dev-19283
1240,0.0,0,2023-04-11 12:51:51.048437760,tiny-gateway-313,dev-51135
1241,120.0,960,2023-09-20 11:18:33.148119040,tiny-gateway-319,dev-84775
1242,15.6603773584906,830,2023-03-06 21:55:51.043284736,tiny-relay-504,dev-3261
1243,57.0218579234973,10435,2023-12-01 23:30:51.271762688,fast-gateway-396,dev-76866
1244,57.0218579234973,10435,2023-01-24 11:20:47.207025408,bright-cam-267,dev-7353
1245,231.272727272727,5088,2023-07-07 06:42:27.594840576,tiny-relay-553,dev-74729
1246,0.0,0,2023-11-28 01:16:33.269580544,bright-gateway-634,dev-33147
1247,0.0,0,2023-01-29 13:49:09.534541056,bright-relay-330,dev-21351
1248,120.0,960,2023-01-26 10:18:38.377419008,bright-thermo-923,dev-5349
1249,62.5,625,2023-07-03 17:46:56.427072000,tiny-gateway-471,dev-72391
1250,0.168817204301075,785,2023-02-09 23:48:26.760875264,tiny-gateway-394,dev-45164
1251,0.0,0,2023-08-22 17:04:24.693030400,tiny-thermo-149,dev-97059
1252,3.55203619909502,785,2023-12-08 11:22:49.769663232,sharp-tracker-955,dev-75849
1253,59.0434782608696,1358,2023-09-03 14:24:16.620005888,fast-meter-798,dev-71856
1254,54.52,1363,2023-05-07 23:12:43.340540416,bright-tracker-415,dev-96711
1255,56.5833333333333,679,2023-03-14 18:22:08.961461504,fast-thermo-848,dev-85762
1256,0.037304566839329,785,2023-04-02 20:18:25.236248320,sharp-tracker-408,dev-18832
1257,120.0,960,2023-06-17 04:43:15.008820992,bright-tracker-328,dev-38629
1258,120.0,960,2023-06-03 07:19:24.362230016,tiny-meter-581,dev-33913
1259,120.0,960,2023-10-30 07:04:56.384378112,bright-gateway-117,dev-31236
1260,55.1891891891892,2042,2023-08-31 06:03:11.289612544,bright-meter-978,dev-65981
1261,120.0,960,2023-02-23 16:21:04.156348672,fast-gateway-233,dev-28058
1262,3.32627118644068,785,2023-11-21 20:05:39.795771648,sharp-gateway-463,dev-39737
1263,57.0218579234973,10435,2023-06-13 07:16:31.003549184,bright-thermo-338,dev-85423
1264,79.6,796,2023-12-15 03:50:37.341173504,fast-gateway-231,dev-58710
1265,0.0,0,2023-07-09 04:55:56.345040896,fast-thermo-572,dev-49624
1266,17.0652173913043,785,2023-04-29 18:47:40.081834752,sharp-thermo-358,dev-2095
1267,59.828125,3829,2023-02-22 03:14:57.461357568,tiny-gateway-680,dev-82411
1268,79.6,796,2023-10-06 23:50:07.424910848,fast-meter-458,dev-85308
1269,60.4285714285714,2961,2023-01-08 00:01:38.168769280,bright-tracker-825,dev-26256
1270,1.40681003584229,785,2023-09-09 02:19:39.233172992,smart-tracker-458,dev-49946
1271,56.5833333333333,1358,2023-07-04 13:22:47.643512064,sharp-relay-361,dev-56236
1272,56.5833333333333,2716,2023-05-22 21:38:20.567220480,sharp-thermo-284,dev-18733
1273,120.0,960,2023-07-16 20:25:48.497128960,fast-cam-435,dev-49728
1274,56.5833333333333,3395,2023-10-24 14:34:07.288828928,tiny-relay-566,dev-66376
1275,1.11414634146341,4568,2023-10-24 13:32:24.915358720,smart-tracker-866,dev-79748
1276,120.0,960,2023-09-13 21:30:59.213127680,sharp-relay-504,dev-39870
1277,120.0,960,2023-06-16 11:51:03.096739584,smart-cam-368,dev-2063
1278,120.0,960,2023-07-12 09:50:52.253226240,smart-cam-240,dev-11222
1279,0.0,0,2023-09-30 01:29:22.467024896,tiny-cam-761,dev-73422
1280,52.6153846153846,684,2023-09-22 22:34:16.909849856,tiny-gateway-945,dev-68015
1281,2.92820512820513,4568,2023-11-14 07:08:02.359412480,sharp-cam-163,dev-25985
1282,56.5833333333333,679,2023-10-22 18:20:09.256421888,tiny-meter-812,dev-19960
1283,56.5833333333333,4753,2023-11-30 16:51:06.993465088,tiny-meter-122,dev-84421
1284,57.0218579234973,10435,2023-04-19 10:26:20.657883648,fast-meter-844,dev-12198
1285,56.5833333333333,1358,2023-02-14 21:34:23.778480128,smart-cam-119,dev-52264
1286,120.0,960,2023-11-12 17:42:22.831583232,sharp-thermo-632,dev-83709
1287,120.0,960,2023-06-03 19:01:27.371013888,tiny-cam-500,dev-10937
1288,44.0,440,2023-10-20 22:54:17.901677312,smart-relay-656,dev-67487
1289,59.828125,3829,2023-05-06 02:23:41.940996096,sharp-thermo-401,dev-96973
1290,0.0,0,2023-11-12 04:19:21.603226624,fast-relay-527,dev-11936
1291,56.5833333333333,679,2023-05-07 06:06:39.470675968,fast-cam-552,dev-81520
1292,56.5833333333333,3395,2023-06-22 21:20:14.584251904,smart-tracker-119,dev-97384
1293,63.65625,2037,2023-04-12 01:47:52.310128896,sharp-meter-131,dev-57390
1294,54.52,1363,2023-09-09 21:51:56.536367104,bright-cam-605,dev-50254
1295,0.0,0,2023-08-07 18:28:36.784039680,silent-gateway-397,dev-82877
1296,120.0,960,2023-06-16 19:19:00.315516160,silent-meter-623,dev-88450
1297,56.5833333333333,1358,2023-12-30 22:16:41.438022400,sharp-gateway-201,dev-13537
1298,120.0,960,2023-08-27 19:19:31.546828288,bright-thermo-658,dev-7410
1299,120.0,960,2023-04-05 07:54:29.060910848,tiny-meter-954,dev-55082
1300,44.0,440,2023-09-09 00:14:46.052936192,silent-tracker-653,dev-70213
1301,656.974137931035,76209,2023-08-09 02:45:05.921609984,smart-thermo-192,dev-71980
1302,50.0,650,2023-07-16 06:42:11.965057536,smart-gateway-377,dev-12790
1303,0.0,0,2023-03-03 07:25:49.959243008,bright-thermo-682,dev-73336
1304,275.0,6325,2023-11-19 06:49:21.851436544,fast-thermo-289,dev-97695
1305,50.0,650,2023-09-08 14:43:28.029818112,sharp-relay-838,dev-86012
1306,263.541666666667,6325,2023-10-13 05:33:48.370885888,tiny-relay-273,dev-78794
1307,674.336206896552,78223,2023-03-18 19:07:16.343845376,fast-tracker-878,dev-74966
1308,0.0,0,2023-09-24 09:30:27.969408256,fast-thermo-883,dev-35455
1309,50.0,650,2023-08-20 00:42:52.332088832,tiny-tracker-404,dev-50839
1310,0.0,0,2023-03-30 05:26:10.525920768,smart-relay-330,dev-39345
1311,50.0,650,2023-05-17 03:51:50.652272128,smart-meter-922,dev-75963
1312,0.0,0,2023-09-28 07:18:22.360171520,tiny-tracker-894,dev-35908
1313,717.352380952381,75322,2023-06-14 00:57:48.255991296,silent-meter-400,dev-56507
1314,0.0,0,2023-07-16 16:10:27.171619328,fast-meter-826,dev-15367
1315,0.0,0,2023-03-13 04:06:15.284605952,bright-cam-993,dev-24270
1316,275.0,6325,2023-01-30 16:12:11.389220864,silent-gateway-619,dev-3720
1317,0.0,0,2023-10-20 00:49:27.030219520,bright-thermo-503,dev-56651
1318,0.0,0,2023-07-20 22:17:50.727583488,smart-gateway-425,dev-71451
1319,287.5,6325,2023-04-29 06:51:42.420932096,tiny-tracker-196,dev-95546
1320,263.541666666667,6325,2023-07-27 15:37:42.136729344,silent-gateway-929,dev-4305
1321,275.0,6325,2023-08-24 13:55:15.389212416,tiny-meter-804,dev-26670
1322,50.0,650,2023-04-04 18:46:25.302072576,tiny-gateway-602,dev-69279
1323,0.0,0,2023-07-28 01:59:17.823822848,sharp-gateway-925,dev-65623
1324,0.0,0,2023-07-26 14:02:53.404033792,sharp-cam-324,dev-14528
1325,50.0,650,2023-01-03 07:22:59.496875776,fast-tracker-518,dev-35211
1326,231.818181818182,7650,2023-02-24 19:59:38.121020160,fast-cam-564,dev-92778
1327,731.8,76839,2023-03-01 07:45:52.131766016,silent-cam-909,dev-43000
1328,0.0,0,2023-01-24 14:33:06.629598208,sharp-tracker-922,dev-55922
1329,50.0,650,2023-04-26 12:04:44.133556736,fast-tracker-300,dev-96136
1330,50.0,650,2023-01-11 00:18:56.632261120,bright-gateway-897,dev-7248
1331,727.653846153846,75676,2023-08-21 20:14:51.546000384,bright-gateway-776,dev-51871
1332,50.0,650,2023-10-25 11:28:50.541118976,sharp-gateway-584,dev-20008
1333,738.209523809524,77512,2023-07-20 12:13:47.641647872,fast-cam-560,dev-47456
1334,50.0,650,2023-06-15 17:01:17.885078528,fast-relay-533,dev-65675
1335,50.0,650,2023-11-22 13:29:08.272907520,tiny-cam-633,dev-17216
1336,0.0,0,2023-08-27 10:42:50.101360896,fast-thermo-629,dev-41642
1337,50.0,650,2023-03-14 12:40:58.077868032,silent-meter-838,dev-91650
1338,50.0,650,2023-12-07 08:06:03.643725824,fast-relay-199,dev-8885
1339,275.0,6325,2023-03-28 20:46:30.761604864,sharp-gateway-744,dev-42485
1340,0.0,0,2023-04-25 18:41:02.605123328,fast-gateway-590,dev-18614
1341,50.0,650,2023-09-22 14:56:01.283133440,fast-thermo-491,dev-50786
1342,0.0,0,2023-03-12 07:36:33.606370560,tiny-meter-698,dev-59347
1343,0.0,0,2023-10-30 09:57:52.284239616,silent-meter-209,dev-17567
1344,50.0,650,2023-03-11 10:41:05.564077312,silent-tracker-874,dev-60464
1345,50.0,650,2023-09-10 07:37:56.486033920,tiny-gateway-937,dev-83657
1346,50.0,650,2023-07-22 04:08:45.959745024,smart-meter-411,dev-39324
1347,275.0,6325,2023-10-16 12:58:29.340625664,smart-gateway-624,dev-23358
1348,725.557692307692,75458,2023-05-10 04:20:55.854196736,smart-gateway-118,dev-59661
1349,715.5,75843,2023-08-18 10:19:40.741208320,sharp-gateway-580,dev-63747
1350,0.0,0,2023-10-12 10:40:27.447530752,bright-gateway-591,dev-36285
1351,0.0,0,2023-12-14 20:51:42.705474304,fast-gateway-125,dev-99470
1352,275.0,6325,2023-08-22 01:54:38.426931712,bright-relay-603,dev-95551
1353,46.4285714285714,650,2023-12-14 04:54:03.461919232,silent-meter-109,dev-65812
1354,50.0,650,2023-03-22 09:30:13.677663232,smart-cam-717,dev-30243
1355,50.0,650,2023-10-05 10:04:20.716029440,sharp-relay-556,dev-6038
1356,0.0,0,2023-06-21 05:36:17.914158592,tiny-thermo-256,dev-64866
1357,724.619047619048,76085,2023-07-07 09:14:18.052643584,tiny-tracker-868,dev-9882
1358,0.0,0,2023-02-21 19:53:04.822866944,bright-meter-729,dev-74139
1359,0.0,0,2023-02-24 02:07:20.818403072,silent-gateway-586,dev-23782
1360,0.0,0,2023-10-29 09:04:01.580890880,smart-meter-654,dev-26608
1361,275.0,6325,2023-02-22 23:19:16.136419584,smart-cam-566,dev-872
1362,54.1666666666667,650,2023-08-29 13:49:13.441304064,bright-thermo-694,dev-35747
1363,275.0,6325,2023-04-11 17:14:42.388653056,smart-thermo-285,dev-15909
1364,735.913461538462,76535,2023-12-11 04:06:50.000937728,bright-meter-479,dev-89739
1365,0.0,0,2023-05-30 08:00:59.609044480,bright-gateway-688,dev-54627
1366,710.009433962264,75261,2023-01-28 13:07:18.928652544,sharp-relay-644,dev-60974
1367,0.0,0,2023-02-12 01:56:39.486417408,tiny-thermo-606,dev-61010
1368,719.731481481482,77731,2023-09-07 13:19:03.409835520,fast-thermo-479,dev-85611
1369,231.818181818182,7650,2023-06-22 03:17:14.541795840,fast-thermo-202,dev-43108
1370,50.0,650,2023-04-16 23:29:31.428641536,tiny-cam-595,dev-11646
1371,50.0,650,2023-04-12 22:58:50.401192192,silent-relay-425,dev-1672
1372,50.0,650,2023-06-04 20:42:50.351345152,silent-thermo-115,dev-62277
1373,54.1666666666667,650,2023-04-20 09:56:01.598227968,fast-thermo-570,dev-4321
1374,0.0,0,2023-03-07 10:23:43.404613376,smart-relay-550,dev-42810
1375,50.0,650,2023-07-22 14:50:15.132582656,sharp-gateway-476,dev-8352
1376,727.180952380952,76354,2023-06-11 11:53:19.775944960,silent-relay-474,dev-47867
1377,275.0,6325,2023-08-09 13:31:40.376831744,sharp-relay-542,dev-89791
1378,50.0,650,2023-09-29 05:56:18.426251520,fast-cam-539,dev-33349
1379,0.0,0,2023-05-03 22:55:49.965712128,silent-relay-964,dev-44480
1380,725.819047619048,76211,2023-10-27 22:19:10.661482240,tiny-thermo-302,dev-45578
1381,275.0,6325,2023-06-15 23:53:49.135348480,silent-gateway-997,dev-52203
1382,0.0,0,2023-10-31 11:31:23.741821952,sharp-thermo-111,dev-2106
1383,50.0,650,2023-11-13 00:02:16.026112768,fast-thermo-842,dev-15130
1384,0.0,0,2023-05-08 06:47:08.187634432,bright-relay-806,dev-86953
1385,275.0,6325,2023-06-19 18:33:26.143528960,tiny-tracker-665,dev-19671
1386,0.0,0,2023-07-17 14:09:57.969001472,smart-cam-431,dev-51674
1387,50.0,650,2023-05-04 03:26:17.225035520,tiny-relay-217,dev-22601
1388,0.0,0,2023-05-05 18:39:43.225554688,sharp-meter-959,dev-89738
1389,0.0,0,2023-03-14 05:17:44.053987840,fast-gateway-770,dev-71174
1390,50.0,650,2023-08-18 15:52:19.388163328,bright-gateway-909,dev-85424
1391,725.807692307692,75484,2023-08-01 16:31:00.388485120,smart-thermo-884,dev-26718
1392,50.0,650,2023-03-09 20:40:29.991360512,silent-gateway-623,dev-1001
1393,0.0,0,2023-11-12 02:55:10.810121984,sharp-relay-639,dev-70821
1394,50.0,650,2023-01-06 05:49:47.445409536,fast-cam-409,dev-31359
1395,46.4285714285714,650,2023-11-07 03:48:08.477522688,bright-meter-136,dev-47049
1396,726.894230769231,75597,2023-05-02 03:41:58.913062912,tiny-gateway-373,dev-36718
1397,50.0,650,2023-04-12 21:40:49.620630784,sharp-tracker-515,dev-84209
1398,275.0,6325,2023-02-15 13:23:36.278259456,fast-gateway-770,dev-71174
1399,0.0,0,2023-01-27 05:07:12.295525888,smart-relay-895,dev-31221
1400,275.0,6325,2023-03-01 18:50:25.611469056,bright-thermo-818,dev-1200
1401,139.703703703704,3772,2023-10-16 00:05:25.468794880,fast-tracker-738,dev-56502
1402,102.733333333333,1541,2023-11-27 08:38:39.238143744,fast-cam-248,dev-858
1403,225.954545454545,49710,2023-01-14 08:54:57.471541504,bright-gateway-882,dev-76689
1404,102.8,1542,2023-05-26 09:12:28.050874624,smart-thermo-793,dev-12570
1405,102.8,1542,2023-01-06 18:14:17.101639680,tiny-thermo-359,dev-79600
1406,139.703703703704,3772,2023-03-30 10:14:28.002958848,silent-thermo-968,dev-69915
1407,102.733333333333,1541,2023-11-29 12:14:36.513887744,bright-meter-369,dev-73945
1408,96.5333333333333,1448,2023-04-18 05:41:23.953390336,bright-cam-576,dev-20347
1409,223.830357142857,50138,2023-12-01 19:00:50.157728512,smart-meter-309,dev-3609
1410,133.125,3195,2023-02-19 22:03:40.415576320,fast-relay-655,dev-28902
1411,80.4444444444444,1448,2023-10-08 09:05:41.429064704,smart-cam-869,dev-99245
1412,232.032710280374,49655,2023-09-10 09:16:15.311488000,silent-cam-546,dev-96736
1413,130.470588235294,2218,2023-10-23 04:46:02.718350592,bright-cam-452,dev-74046
1414,145.076923076923,3772,2023-05-28 11:28:29.570085888,fast-meter-595,dev-90425
1415,96.6,1449,2023-03-15 17:20:55.382729472,silent-cam-839,dev-67376
1416,145.115384615385,3773,2023-03-06 01:17:07.067311616,smart-tracker-170,dev-73090
1417,224.990950226244,49723,2023-02-06 23:52:15.106230016,fast-meter-838,dev-23974
1418,102.733333333333,1541,2023-02-16 14:18:39.480854784,tiny-meter-439,dev-10721
1419,102.733333333333,1541,2023-03-08 07:59:19.106543360,silent-gateway-213,dev-86753
1420,145.076923076923,3772,2023-05-11 10:42:25.907010304,sharp-tracker-508,dev-24678
1421,102.733333333333,1541,2023-03-26 23:01:55.632386304,tiny-relay-118,dev-20907
1422,76.3157894736842,1450,2023-07-20 12:23:06.090919424,bright-gateway-947,dev-88785
1423,96.6,1449,2023-07-12 10:20:41.758577664,tiny-relay-339,dev-86473
1424,96.6,1449,2023-07-22 09:48:24.184955136,sharp-tracker-610,dev-5781
1425,102.666666666667,1540,2023-05-13 02:37:09.438066688,fast-thermo-682,dev-73736
1426,96.5333333333333,1448,2023-06-05 03:32:42.833552384,tiny-cam-928,dev-11859
1427,102.933333333333,1544,2023-05-31 18:34:30.134227200,fast-relay-500,dev-63026
1428,140.5,3934,2023-04-10 21:01:47.802310144,fast-gateway-572,dev-46704
1429,102.8,1542,2023-03-31 09:00:27.351995136,silent-cam-446,dev-83674
1430,96.5333333333333,1448,2023-05-16 19:52:02.283792896,sharp-gateway-385,dev-83452
1431,134.75,3773,2023-01-16 08:06:51.833232640,sharp-thermo-444,dev-16099
1432,127.72,3193,2023-09-02 12:23:31.321836032,sharp-meter-213,dev-91426
1433,145.115384615385,3773,2023-11-29 16:33:56.427106048,fast-thermo-889,dev-3831
1434,228.884792626728,49668,2023-01-30 08:08:15.269594624,silent-tracker-321,dev-94879
1435,225.851351351351,50139,2023-08-29 20:11:26.961344000,smart-meter-511,dev-22937
1436,102.8,1542,2023-05-16 11:00:06.516770048,silent-thermo-177,dev-44650
1437,224.316742081448,49574,2023-06-25 22:50:36.977323008,tiny-cam-885,dev-10995
1438,221.417777777778,49819,2023-10-08 04:24:35.779187200,smart-tracker-591,dev-4605
1439,145.115384615385,3773,2023-10-13 19:44:34.521350400,tiny-tracker-187,dev-62076
1440,145.038461538462,3771,2023-11-28 18:16:19.887969280,smart-gateway-982,dev-60181
1441,145.076923076923,3772,2023-12-04 08:50:39.305666816,smart-thermo-534,dev-63458
1442,76.2631578947368,1449,2023-02-16 18:02:52.027479040,fast-tracker-946,dev-99407
1443,80.4444444444444,1448,2023-05-24 14:19:57.252413184,bright-cam-706,dev-9141
1444,127.68,3192,2023-11-30 06:54:43.869143296,bright-meter-453,dev-67065
1445,145.076923076923,3772,2023-09-20 11:55:06.025344768,bright-gateway-478,dev-22371
1446,96.4666666666667,1447,2023-11-04 12:47:44.911261184,fast-relay-874,dev-23507
1447,96.6666666666667,1450,2023-06-03 12:45:03.257137152,sharp-cam-981,dev-66976
1448,145.115384615385,3773,2023-11-22 07:35:02.763886592,silent-cam-382,dev-61324
1449,145.115384615385,3773,2023-07-14 12:48:09.607039488,fast-tracker-444,dev-85313
1450,224.418918918919,49821,2023-07-20 14:38:52.492031488,sharp-thermo-195,dev-3209
1451,145.115384615385,3773,2023-06-17 18:27:20.303485440,tiny-thermo-540,dev-49548
1452,145.153846153846,3774,2023-01-24 15:26:31.829031168,fast-relay-717,dev-38903
1453,158.964285714286,4451,2023-02-01 12:05:26.526341888,smart-tracker-701,dev-6978
1454,145.115384615385,3773,2023-01-16 06:20:23.351762432,silent-thermo-103,dev-48437
1455,102.733333333333,1541,2023-12-12 18:47:26.253165056,sharp-relay-193,dev-76200
1456,102.866666666667,1543,2023-10-19 01:31:17.959058432,silent-cam-639,dev-86861
1457,218.563318777293,50051,2023-01-14 05:51:19.971620352,tiny-relay-245,dev-99014
1458,102.8,1542,2023-03-09 03:30:06.009492992,fast-cam-593,dev-21127
1459,145.038461538462,3771,2023-03-26 20:39:47.503723776,smart-meter-431,dev-5671
1460,102.733333333333,1541,2023-11-04 02:13:29.692103424,fast-gateway-638,dev-4754
1461,145.192307692308,3775,2023-02-12 14:07:49.096727040,bright-cam-774,dev-85227
1462,102.8,1542,2023-04-16 15:17:15.241735680,silent-cam-122,dev-70259
1463,230.748837209302,49611,2023-06-19 15:52:48.870962432,silent-cam-666,dev-30817
1464,102.933333333333,1544,2023-02-25 04:56:42.721822464,silent-thermo-473,dev-32057
1465,145.153846153846,3774,2023-11-28 19:52:21.440835840,tiny-tracker-473,dev-36531
1466,96.6,1449,2023-02-17 14:14:02.038818560,smart-relay-305,dev-7965
1467,220.442477876106,49820,2023-04-22 05:56:13.684148992,bright-meter-840,dev-26327
1468,106.466666666667,3194,2023-03-20 22:19:10.031524864,smart-thermo-482,dev-94380
1469,225.009049773756,49727,2023-03-24 06:09:31.200930560,bright-gateway-540,dev-38164
1470,102.8,1542,2023-10-20 18:29:20.692899584,tiny-relay-590,dev-86208
1471,224.40990990991,49819,2023-01-13 12:02:59.676903168,silent-relay-150,dev-2874
1472,96.7333333333333,1451,2023-09-10 08:17:19.599592704,silent-gateway-210,dev-26680
1473,232.915492957746,49611,2023-05-20 08:18:32.054120960,sharp-cam-411,dev-86509
1474,96.6,1449,2023-06-09 15:19:09.601058816,sharp-relay-957,dev-21065
1475,102.866666666667,1543,2023-06-06 10:42:42.670097152,sharp-meter-951,dev-62802
1476,102.866666666667,1543,2023-06-17 09:12:42.712373504,fast-meter-235,dev-87316
1477,102.733333333333,1541,2023-10-08 01:31:18.130942464,smart-relay-170,dev-49808
1478,223.461883408072,49832,2023-08-04 01:03:17.854070784,tiny-relay-625,dev-64320
1479,80.6111111111111,1451,2023-03-28 07:06:21.845872896,smart-gateway-348,dev-3157
1480,223.156950672646,49764,2023-06-08 20:37:53.511655168,bright-cam-570,dev-78942
1481,96.5333333333333,1448,2023-05-19 12:08:18.423058688,sharp-meter-918,dev-81759
1482,96.4666666666667,1447,2023-04-11 19:41:34.734283008,smart-meter-659,dev-13188
1483,145.115384615385,3773,2023-11-17 17:55:00.970429184,fast-thermo-137,dev-70315
1484,228.808219178082,50109,2023-05-22 03:15:04.994974464,smart-gateway-328,dev-99649
1485,102.8,1542,2023-06-04 12:41:47.399260416,smart-thermo-586,dev-67249
1486,96.7333333333333,1451,2023-11-07 15:40:09.795625216,fast-relay-512,dev-65579
1487,90.625,1450,2023-09-13 07:35:33.864741632,bright-relay-814,dev-25193
1488,219.236842105263,49986,2023-05-27 04:38:25.747716352,bright-relay-798,dev-76556
1489,218.039301310044,49931,2023-05-31 04:35:01.118586112,smart-meter-518,dev-51310
1490,230.06880733945,50155,2023-11-20 00:42:13.973344768,silent-tracker-534,dev-36320
1491,96.6666666666667,1450,2023-05-04 04:43:51.814290432,sharp-meter-847,dev-40640
1492,102.733333333333,1541,2023-01-10 10:30:59.877365504,tiny-relay-972,dev-58420
1493,96.7333333333333,1451,2023-09-13 05:19:58.779743232,sharp-thermo-258,dev-30097
1494,102.933333333333,1544,2023-09-24 08:34:59.465225472,silent-cam-910,dev-34556
1495,102.8,1542,2023-09-27 15:27:24.787779328,silent-tracker-435,dev-6699
1496,145.192307692308,3775,2023-02-02 02:06:40.171169792,sharp-relay-216,dev-1937
1497,224.468468468468,49832,2023-05-31 08:12:16.882980096,smart-cam-280,dev-20912
1498,96.6,1449,2023-10-13 01:54:35.278561792,tiny-tracker-589,dev-42163
1499,102.733333333333,1541,2023-09-20 15:08:08.629864960,fast-meter-972,dev-55878
1500,227.164383561644,49749,2023-03-16 03:59:14.203729408,fast-thermo-326,dev-91618
1501,0.0,0,2023-08-07 16:20:32.669406976,bright-relay-903,dev-39057
1502,0.0,0,2023-11-21 14:24:45.634817280,fast-thermo-252,dev-86363
1503,0.0,0,2023-06-12 06:22:00.041771264,silent-gateway-360,dev-89504
1504,0.0,0,2023-03-03 10:47:02.316674816,silent-gateway-581,dev-33420
1505,0.0,0,2023-03-03 05:19:39.823651840,silent-relay-965,dev-76766
1506,0.0,0,2023-01-19 19:26:30.326824448,sharp-meter-628,dev-66001
1507,0.0,0,2023-08-22 21:48:23.990206464,bright-cam-727,dev-48699
1508,0.0,0,2023-11-04 00:00:00.075749120,smart-cam-940,dev-24580
1509,0.0,0,2023-06-11 21:47:27.187697664,tiny-thermo-489,dev-90308
1510,0.0,0,2023-12-17 16:20:37.461487872,silent-meter-670,dev-2085
1511,0.0,0,2023-02-27 00:35:44.884825088,smart-relay-496,dev-41340
1512,0.0,0,2023-10-21 23:00:03.528324864,tiny-thermo-692,dev-91857
1513,0.0,0,2023-01-23 15:42:52.608901888,tiny-gateway-809,dev-16897
1514,0.0,0,2023-06-20 04:31:15.309230080,fast-tracker-273,dev-53902
1515,0.0,0,2023-05-19 15:08:49.170748672,tiny-cam-980,dev-75308
1516,0.0,0,2023-08-27 03:31:01.099018496,fast-relay-775,dev-17850
1517,0.0,0,2023-11-15 18:09:18.663478016,bright-gateway-583,dev-17680
1518,0.0,0,2023-04-16 03:44:21.611837696,tiny-tracker-508,dev-97923
1519,0.0,0,2023-11-28 08:30:19.965780480,tiny-cam-280,dev-64506
1520,0.0,0,2023-04-11 20:19:45.843515392,smart-gateway-600,dev-61326
1521,0.0,0,2023-12-12 00:38:29.989785088,tiny-cam-854,dev-36288
1522,0.0,0,2023-12-20 03:19:27.845301248,silent-meter-262,dev-80025
1523,0.0,0,2023-06-15 00:40:18.889067520,smart-thermo-554,dev-94875
1524,0.0,0,2023-06-30 12:23:13.029708032,bright-thermo-708,dev-75041
1525,0.0,0,2023-03-27 04:58:12.607167232,silent-tracker-495,dev-24825
1526,0.0,0,2023-04-01 12:15:23.907065344,fast-relay-871,dev-74599
1527,0.0,0,2023-05-20 13:57:21.492996096,fast-relay-316,dev-26363
1528,0.0,0,2023-02-04 08:22:28.595419904,tiny-meter-304,dev-39296
1529,0.0,0,2023-12-10 10:35:17.475994880,bright-meter-552,dev-56600
1530,0.0,0,2023-12-12 05:05:24.138390016,sharp-cam-232,dev-75387
1531,0.0,0,2023-09-11 17:12:30.712420864,bright-cam-165,dev-62420
1532,0.0,0,2023-01-23 05:25:36.921185792,silent-gateway-569,dev-93210
1533,0.0,0,2023-12-29 13:54:16.049978368,fast-relay-201,dev-12962
1534,0.0,0,2023-11-27 13:15:23.038100480,smart-gateway-631,dev-37358
1535,0.0,0,2023-02-07 23:48:59.750442496,tiny-thermo-702,dev-24050
1536,0.0,0,2023-05-25 21:45:54.419013888,tiny-meter-244,dev-4989
1537,0.0,0,2023-06-14 18:33:25.058760448,silent-thermo-478,dev-23061
1538,0.0,0,2023-09-24 06:46:27.401140224,fast-tracker-332,dev-81840
1539,0.0,0,2023-06-08 16:15:18.638683648,tiny-meter-137,dev-38727
1540,0.0,0,2023-04-08 08:22:29.824321536,smart-tracker-782,dev-84692
1541,0.0,0,2023-07-20 02:54:58.935480576,tiny-relay-447,dev-61122
1542,0.0,0,2023-02-15 13:20:27.647969024,bright-meter-983,dev-19469
1543,0.0,0,2023-09-25 15:25:39.936031232,fast-thermo-110,dev-30875
1544,0.0,0,2023-12-24 08:34:15.407788544,bright-meter-689,dev-95716
1545,0.0,0,2023-11-12 16:06:10.566936064,bright-gateway-588,dev-12251
1546,0.0,0,2023-03-25 17:40:48.340123648,silent-relay-280,dev-62489
1547,0.0,0,2023-08-09 23:28:35.343118592,smart-tracker-372,dev-3708
1548,0.0,0,2023-05-12 21:59:21.553991936,smart-gateway-927,dev-30044
1549,0.0,0,2023-08-30 17:57:50.778854144,silent-tracker-126,dev-32174
1550,0.0,0,2023-09-29 03:39:40.363316992,sharp-gateway-876,dev-16720
1551,0.0,0,2023-08-14 04:34:55.363443456,fast-gateway-508,dev-63976
1552,0.0,0,2023-01-27 09:12:06.558269440,sharp-gateway-588,dev-5568
1553,0.0,0,2023-02-19 17:01:30.235673088,sharp-cam-568,dev-60096
1554,0.0,0,2023-01-02 21:02:16.501805568,tiny-gateway-488,dev-83201
1555,0.0,0,2023-08-08 16:39:46.516716032,tiny-relay-815,dev-37515
1556,0.0,0,2023-11-14 00:02:39.062328320,fast-cam-581,dev-17858
1557,0.0,0,2023-09-25 06:39:26.723936256,sharp-tracker-957,dev-36355
1558,0.0,0,2023-07-30 17:34:06.000638464,sharp-cam-954,dev-56061
1559,0.0,0,2023-02-12 05:40:53.788929536,silent-meter-679,dev-84770
1560,0.0,0,2023-07-24 18:24:49.211537920,silent-thermo-632,dev-29524
1561,0.0,0,2023-10-14 21:25:07.604707328,bright-thermo-227,dev-18585
1562,0.0,0,2023-07-11 16:20:28.734097664,bright-tracker-379,dev-92808
1563,0.0,0,2023-08-20 11:18:40.382316032,tiny-tracker-281,dev-13474
1564,0.0,0,2023-10-29 12:56:05.346600704,tiny-tracker-389,dev-5270
1565,0.0,0,2023-01-02 13:02:24.313523200,tiny-relay-317,dev-37943
1566,0.0,0,2023-08-18 17:29:29.908962048,sharp-thermo-348,dev-81157
1567,0.0,0,2023-10-23 00:45:20.703798528,smart-meter-759,dev-68954
1568,0.0,0,2023-10-27 03:34:17.026446848,smart-meter-210,dev-30798
1569,0.0,0,2023-01-09 13:57:26.940827392,tiny-cam-522,dev-20356
1570,0.0,0,2023-08-04 22:20:23.466307584,smart-thermo-479,dev-83872
1571,0.0,0,2023-12-10 22:54:43.903233792,bright-thermo-924,dev-75134
1572,0.0,0,2023-08-26 05:38:24.993666048,silent-cam-462,dev-22089
1573,0.0,0,2023-10-06 21:18:23.741536768,tiny-meter-154,dev-27248
1574,0.0,0,2023-07-17 06:14:33.533452032,bright-gateway-663,dev-90030
1575,0.0,0,2023-09-22 06:53:59.475557120,bright-relay-703,dev-97489
1576,0.0,0,2023-06-24 03:46:05.081713152,smart-cam-214,dev-61494
1577,0.0,0,2023-01-04 19:47:32.822939648,silent-relay-233,dev-71904
1578,0.0,0,2023-03-11 06:01:36.300730880,silent-relay-211,dev-60803
1579,0.0,0,2023-09-19 12:55:20.286906368,silent-meter-628,dev-90566
1580,0.0,0,2023-06-17 19:30:59.357284608,bright-relay-121,dev-23854
1581,0.0,0,2023-11-29 13:16:02.984163072,silent-cam-429,dev-74643
1582,0.0,0,2023-06-05 10:06:54.829672448,smart-relay-670,dev-22974
1583,0.0,0,2023-02-15 19:39:33.570678272,smart-relay-241,dev-9662
1584,0.0,0,2023-02-13 02:32:15.822477568,tiny-relay-283,dev-87723
1585,0.0,0,2023-08-10 18:25:20.999439872,sharp-meter-393,dev-71535
1586,0.0,0,2023-01-20 00:46:41.103603456,tiny-relay-621,dev-27930
1587,0.0,0,2023-03-25 23:25:11.667290880,sharp-relay-276,dev-8157
1588,0.0,0,2023-06-17 17:40:18.136849408,sharp-gateway-744,dev-42485
1589,0.0,0,2023-07-27 22:40:41.197583360,fast-thermo-175,dev-84473
1590,0.0,0,2023-10-08 03:35:26.773072128,bright-meter-217,dev-50191
1591,0.0,0,2023-05-22 10:18:57.664478464,smart-gateway-555,dev-18232
1592,0.0,0,2023-08-23 03:52:46.021681152,sharp-cam-827,dev-75984
1593,0.0,0,2023-04-06 23:19:21.829376256,bright-thermo-970,dev-8990
1594,0.0,0,2023-08-06 15:41:19.639995136,tiny-relay-617,dev-96802
1595,0.0,0,2023-01-18 21:28:27.511126272,smart-cam-757,dev-23407
1596,0.0,0,2023-12-08 20:33:40.863940864,silent-cam-662,dev-61870
1597,0.0,0,2023-05-17 04:53:38.383505408,sharp-thermo-416,dev-40225
1598,0.0,0,2023-05-12 13:03:23.710800128,tiny-relay-209,dev-29722
1599,0.0,0,2023-08-03 08:36:04.118254848,fast-gateway-749,dev-93400
1600,0.0,0,2023-10-11 20:28:19.493629440,smart-meter-760,dev-27115
1601,308.692307692308,8026,2023-09-16 02:10:40.694867712,tiny-cam-826,dev-79359
1602,284.32,7108,2023-06-29 04:32:14.144636160,sharp-relay-760,dev-31343
1603,311.538461538462,8100,2023-12-28 06:13:04.148610048,tiny-tracker-192,dev-23044
1604,337.766666666667,10133,2023-01-05 02:18:51.671720960,fast-gateway-526,dev-20595
1605,310.0,7750,2023-08-24 14:55:06.188240384,silent-gateway-160,dev-38151
1606,325.25,7806,2023-05-16 13:01:35.536352768,silent-gateway-548,dev-44582
1607,324.333333333333,7784,2023-02-12 17:47:10.002673152,bright-meter-933,dev-36337
1608,278.04,6951,2023-10-27 15:37:07.415598080,tiny-relay-446,dev-87826
1609,568.113636363636,24997,2023-01-07 03:04:29.205407232,bright-meter-151,dev-56674
1610,326.666666666667,7840,2023-05-08 17:35:48.224096512,fast-cam-833,dev-95992
1611,309.884615384615,8057,2023-08-05 03:32:14.785568000,fast-gateway-527,dev-1254
1612,280.56,7014,2023-11-14 15:14:00.894328064,sharp-tracker-337,dev-7715
1613,321.470588235294,10930,2023-06-19 20:57:11.076046592,fast-gateway-909,dev-34006
1614,311.076923076923,8088,2023-04-28 14:00:10.255080960,smart-gateway-129,dev-73521
1615,310.48,7762,2023-08-29 19:41:57.118859776,bright-meter-646,dev-68486
1616,562.75,24761,2023-01-08 13:37:18.585989888,tiny-gateway-845,dev-55867
1617,309.48,7737,2023-07-09 16:38:51.774258944,smart-cam-901,dev-98981
1618,309.84,7746,2023-12-11 18:46:51.025063680,silent-meter-441,dev-92723
1619,564.0,24816,2023-10-03 04:40:01.154409216,bright-meter-970,dev-41441
1620,299.72,7493,2023-07-14 23:01:42.320831744,tiny-tracker-331,dev-32964
1621,555.5,25553,2023-06-27 13:06:44.754964480,sharp-gateway-714,dev-3708
1622,311.08,7777,2023-07-31 11:40:55.276161280,tiny-meter-153,dev-81978
1623,292.25,7014,2023-05-15 09:49:47.896037632,tiny-gateway-867,dev-8461
1624,307.8,7695,2023-01-10 19:56:48.677835264,bright-cam-110,dev-52904
1625,280.56,7014,2023-08-09 14:52:07.491706112,silent-thermo-301,dev-76490
1626,307.8,7695,2023-06-04 06:10:30.980134912,tiny-tracker-923,dev-31265
1627,310.04,7751,2023-10-06 07:42:58.020474880,sharp-thermo-196,dev-76243
1628,317.0,7608,2023-05-26 17:50:55.078840576,sharp-tracker-390,dev-44255
1629,341.21875,10919,2023-01-30 13:41:16.395776512,sharp-meter-558,dev-9591
1630,310.28,7757,2023-10-25 19:28:26.274895360,tiny-meter-713,dev-84446
1631,342.3125,10954,2023-12-24 19:22:38.917453824,bright-thermo-368,dev-78820
1632,291.92,7298,2023-07-01 20:31:13.215867392,sharp-gateway-161,dev-41974
1633,310.576923076923,8075,2023-07-25 19:01:14.329436672,silent-tracker-158,dev-92236
1634,281.56,7039,2023-02-25 17:57:53.787146496,smart-thermo-474,dev-79447
1635,276.68,6917,2023-05-14 00:23:12.532395008,silent-thermo-305,dev-53422
1636,309.32,7733,2023-07-13 17:29:50.635488000,fast-relay-290,dev-4848
1637,308.92,7723,2023-02-24 11:46:06.226070272,sharp-thermo-470,dev-7433
1638,543.804347826087,25015,2023-07-30 10:16:51.545692672,silent-cam-959,dev-53205
1639,304.96,7624,2023-02-05 22:26:38.421507328,tiny-meter-421,dev-99844
1640,331.90625,10621,2023-01-23 17:16:45.427199744,bright-thermo-611,dev-52557
1641,314.25,7542,2023-11-15 02:41:06.094749952,fast-cam-660,dev-979
1642,322.333333333333,7736,2023-05-14 03:58:51.675912704,fast-gateway-354,dev-23315
1643,278.44,6961,2023-01-13 07:22:40.293775360,fast-cam-122,dev-61304
1644,309.84,7746,2023-11-15 14:11:35.886905344,fast-meter-776,dev-34726
1645,292.2,7305,2023-03-28 09:07:51.226580480,silent-gateway-870,dev-15039
1646,338.78125,10841,2023-08-06 08:44:48.011385856,fast-meter-838,dev-23974
1647,311.52,7788,2023-12-21 21:53:48.799132416,tiny-tracker-608,dev-63584
1648,311.04,7776,2023-09-19 01:04:53.584679680,bright-relay-593,dev-48883
1649,308.0,8008,2023-02-25 10:06:35.586651904,silent-tracker-680,dev-15064
1650,310.0,7750,2023-12-13 01:33:51.092849152,fast-thermo-550,dev-46425
1651,304.782608695652,7010,2023-03-24 21:25:08.584670464,tiny-gateway-774,dev-16360
1652,339.758620689655,9853,2023-09-29 05:29:10.500138496,bright-thermo-291,dev-73872
1653,324.666666666667,7792,2023-03-07 04:17:21.482067968,fast-cam-148,dev-47969
1654,312.52,7813,2023-07-06 23:01:44.108610816,bright-gateway-814,dev-89021
1655,562.886363636364,24767,2023-04-04 00:04:51.637229824,silent-gateway-987,dev-46778
1656,308.72,7718,2023-09-06 03:04:51.282213120,tiny-tracker-325,dev-34752
1657,275.92,6898,2023-07-21 07:19:59.825435136,bright-gateway-709,dev-61855
1658,341.96875,10943,2023-03-09 21:43:43.660645888,sharp-tracker-353,dev-27003
1659,319.458333333333,7667,2023-01-23 16:37:58.430998528,sharp-tracker-233,dev-196
1660,310.8,7770,2023-02-04 03:51:04.457563136,silent-cam-338,dev-13346
1661,340.78125,10905,2023-12-17 17:52:31.557895680,sharp-tracker-807,dev-75298
1662,325.291666666667,7807,2023-07-04 02:09:49.245161984,fast-tracker-899,dev-51475
1663,321.666666666667,7720,2023-12-25 17:41:21.271766016,silent-meter-385,dev-81260
1664,354.322580645161,10984,2023-10-19 20:44:23.823412224,sharp-cam-583,dev-4639
1665,312.84,7821,2023-09-05 07:32:27.045747712,tiny-cam-911,dev-90333
1666,340.65625,10901,2023-10-22 23:15:01.425983488,smart-thermo-295,dev-41241
1667,309.48,7737,2023-01-23 09:59:09.831172352,bright-cam-451,dev-19327
1668,310.88,7772,2023-04-19 02:30:56.619513088,fast-gateway-644,dev-43188
1669,324.0,7776,2023-12-23 22:52:59.350626560,tiny-relay-145,dev-83651
1670,288.166666666667,6916,2023-03-08 10:53:47.729662976,sharp-cam-914,dev-45018
1671,307.36,7684,2023-05-15 23:19:43.702572544,smart-tracker-194,dev-93384
1672,311.68,7792,2023-06-15 21:15:46.999089920,smart-relay-117,dev-97301
1673,279.84,6996,2023-10-01 08:24:15.174958080,silent-gateway-955,dev-18165
1674,311.96,7799,2023-11-07 12:58:34.372019968,smart-gateway-236,dev-13812
1675,275.88,6897,2023-12-07 07:26:17.480232960,fast-tracker-266,dev-79327
1676,278.24,6956,2023-12-24 16:36:49.724282880,sharp-meter-362,dev-59340
1677,313.6,7840,2023-07-24 07:17:06.985498112,smart-thermo-515,dev-84412
1678,290.375,6969,2023-10-21 07:56:06.030334464,bright-tracker-160,dev-33885
1679,306.04,7651,2023-12-11 18:48:53.332733696,fast-tracker-246,dev-69323
1680,312.56,7814,2023-03-08 16:24:43.081655808,silent-gateway-698,dev-64834
1681,340.9375,10910,2023-09-16 22:05:06.058974464,sharp-thermo-475,dev-58067
1682,302.08,7552,2023-12-27 06:17:22.103494656,bright-gateway-697,dev-11510
1683,300.4,7510,2023-11-24 05:41:43.103773952,bright-thermo-257,dev-22370
1684,294.32,7358,2023-02-11 16:19:34.550299392,smart-tracker-200,dev-11955
1685,307.0,7675,2023-04-30 01:21:27.373302272,tiny-tracker-793,dev-87930
1686,300.76,7519,2023-09-07 06:19:24.988813824,smart-thermo-964,dev-91351
1687,307.041666666667,7369,2023-08-05 06:40:23.799040000,fast-thermo-157,dev-64674
1688,306.833333333333,7364,2023-03-15 05:58:45.872113152,smart-thermo-239,dev-5734
1689,563.795454545455,24807,2023-05-23 02:31:48.392676864,fast-tracker-920,dev-23553
1690,281.04,7026,2023-10-14 02:02:35.127583488,silent-cam-497,dev-10596
1691,279.44,6986,2023-04-23 15:06:05.832776960,bright-tracker-590,dev-74431
1692,277.64,6941,2023-08-06 13:24:07.649422080,smart-thermo-652,dev-92303
1693,310.52,7763,2023-08-08 21:33:40.728055040,smart-gateway-881,dev-34977
1694,314.24,7856,2023-07-10 16:49:16.811902208,smart-thermo-480,dev-93647
1695,294.88,7372,2023-04-28 15:09:05.477039616,silent-thermo-469,dev-93412
1696,306.92,7673,2023-03-16 13:45:29.464267008,fast-cam-326,dev-58934
1697,309.88,7747,2023-05-10 14:25:11.680903936,sharp-relay-158,dev-86935
1698,313.28,7832,2023-04-22 00:07:43.045770496,tiny-tracker-898,dev-21261
1699,333.133333333333,9994,2023-07-08 06:27:52.750207232,fast-cam-574,dev-72620
1700,308.92,7723,2023-09-14 03:50:33.685010688,fast-thermo-662,dev-21086
1701,41.0,246,2023-07-17 10:04:14.503236096,silent-relay-514,dev-90023
1702,41.0,246,2023-04-23 08:39:29.363028224,silent-thermo-296,dev-83459
1703,227.705882352941,3871,2023-03-11 11:09:43.709445376,fast-thermo-386,dev-72354
1704,634.4,6344,2023-05-26 15:32:46.133787904,bright-meter-909,dev-69084
1705,41.0,246,2023-08-28 10:05:14.294604032,sharp-meter-512,dev-15834
1706,98.4583333333333,2363,2023-07-06 21:32:11.377556992,sharp-gateway-713,dev-55766
1707,41.0,246,2023-09-25 02:28:59.421825536,smart-meter-154,dev-13115
1708,41.0,246,2023-02-22 06:32:30.321331968,silent-thermo-551,dev-2393
1709,291.933333333333,8758,2023-01-16 10:51:38.420556288,silent-thermo-859,dev-82787
1710,876.024864296971,5002978,2023-06-26 02:37:46.322349824,smart-relay-427,dev-85050
1711,519.346534653465,52454,2023-02-02 02:46:44.918897152,silent-relay-939,dev-77545
1712,307.15,12286,2023-06-30 16:57:24.760119296,fast-gateway-510,dev-66930
1713,41.0,246,2023-08-18 06:07:10.360703232,silent-cam-501,dev-83417
1714,41.0,246,2023-09-14 08:38:19.134492416,bright-meter-563,dev-8449
1715,41.0,246,2023-01-18 11:39:43.160185344,bright-tracker-991,dev-86711
1716,227.705882352941,3871,2023-11-10 20:48:05.386977280,silent-tracker-440,dev-31309
1717,352.663461538462,36677,2023-03-07 20:07:33.974798080,smart-tracker-771,dev-52353
1718,241.9375,3871,2023-07-05 12:43:47.566689536,fast-meter-917,dev-77016
1719,41.0,246,2023-03-06 11:01:33.572739328,bright-relay-388,dev-9067
1720,238.344827586207,6912,2023-07-14 04:26:24.156890112,fast-tracker-611,dev-30149
1721,41.0,246,2023-02-17 23:21:46.304319232,fast-thermo-575,dev-61129
1722,41.0,246,2023-11-21 16:25:25.172564480,sharp-relay-926,dev-45218
1723,488.0,6344,2023-01-31 11:08:00.849388544,silent-meter-955,dev-38921
1724,255.434108527132,32951,2023-11-19 22:03:22.345998080,tiny-cam-171,dev-29378
1725,227.705882352941,3871,2023-02-17 00:00:13.758643200,sharp-relay-448,dev-33695
1726,41.0,246,2023-11-27 18:47:13.735581696,silent-tracker-154,dev-44885
1727,206.65,4133,2023-04-01 11:25:13.838063360,fast-gateway-269,dev-90679
1728,41.0,246,2023-12-10 04:06:45.581431040,fast-tracker-653,dev-62569
1729,41.0,246,2023-04-09 16:29:08.308337408,silent-cam-584,dev-11429
1730,430.382978723404,20228,2023-11-20 14:18:07.115053824,bright-gateway-157,dev-83033
1731,41.0,246,2023-03-20 19:54:22.246666496,tiny-thermo-687,dev-8560
1732,241.9375,3871,2023-05-18 22:45:16.960829440,sharp-thermo-967,dev-8447
1733,595.084444444444,133894,2023-08-27 00:40:05.669484032,bright-cam-468,dev-48895
1734,41.0,246,2023-03-10 22:04:01.360761856,bright-tracker-245,dev-72173
1735,41.0,246,2023-08-21 01:59:48.602022144,bright-thermo-991,dev-75212
1736,241.9375,3871,2023-08-18 06:02:42.351764480,bright-cam-593,dev-18272
1737,488.787878787879,32260,2023-01-27 22:28:31.802018048,fast-meter-691,dev-94148
1738,41.0,246,2023-06-11 20:40:02.458560512,bright-cam-138,dev-34614
1739,744.155080213904,139157,2023-04-19 09:57:56.973876480,silent-meter-437,dev-41850
1740,229.903225806452,7127,2023-12-03 09:46:15.620987904,fast-thermo-740,dev-4522
1741,129.333333333333,2328,2023-09-17 10:35:21.961034496,silent-relay-574,dev-70727
1742,643.909836065574,78557,2023-09-10 04:27:14.514226944,tiny-relay-786,dev-94913
1743,360.16384180791,63749,2023-05-13 22:28:58.898958080,smart-cam-503,dev-38235
1744,241.9375,3871,2023-04-03 13:13:27.287374848,sharp-tracker-410,dev-85372
1745,41.0,246,2023-10-10 13:14:12.411235072,silent-meter-474,dev-46404
1746,420.186046511628,18068,2023-07-18 16:06:37.552047360,bright-relay-750,dev-31983
1747,41.0,246,2023-09-03 03:28:05.188216832,fast-tracker-308,dev-25880
1748,0.0,0,2023-09-14 09:51:21.529463552,fast-relay-494,dev-52649
1749,822.572727272727,1266762,2023-03-10 16:22:12.929455360,fast-tracker-438,dev-10511
1750,419.416666666667,20132,2023-05-24 14:08:02.099658496,sharp-cam-381,dev-4809
1751,228.68,5717,2023-07-01 14:28:13.489562368,sharp-meter-872,dev-37172
1752,41.0,246,2023-02-02 09:04:30.991111680,tiny-relay-243,dev-21893
1753,0.0,0,2023-02-05 23:49:15.048435456,fast-cam-816,dev-57549
1754,272.190909090909,29941,2023-03-05 22:15:00.501093120,sharp-cam-705,dev-58021
1755,41.0,246,2023-01-05 13:49:31.646514176,sharp-gateway-207,dev-46897
1756,41.0,246,2023-09-06 10:03:43.051224064,fast-gateway-904,dev-7766
1757,41.0,246,2023-08-02 09:16:31.379107072,sharp-meter-614,dev-68755
1758,429.666666666667,10312,2023-12-15 03:08:12.042260992,bright-thermo-905,dev-16125
1759,373.231884057971,25753,2023-07-09 20:44:11.055887616,bright-gateway-502,dev-17523
1760,354.736972704715,142959,2023-08-29 04:53:43.762102528,smart-tracker-257,dev-65110
1761,41.0,246,2023-08-18 07:49:56.167731968,sharp-thermo-971,dev-73257
1762,329.900552486188,59712,2023-04-20 02:51:49.216903936,bright-tracker-159,dev-62034
1763,41.0,246,2023-09-23 03:16:26.413225472,sharp-gateway-800,dev-66281
1764,427.791666666667,10267,2023-08-29 22:46:22.177501952,bright-relay-687,dev-73696
1765,191.6875,6134,2023-12-17 16:30:51.797539840,sharp-cam-177,dev-88539
1766,41.0,246,2023-09-16 09:03:24.302209536,sharp-thermo-976,dev-3950
1767,475.321428571429,26618,2023-06-18 21:44:34.138265344,sharp-thermo-542,dev-67111
1768,634.4,6344,2023-08-02 12:31:33.642312960,tiny-gateway-716,dev-30286
1769,41.0,246,2023-11-03 23:00:46.550057472,sharp-gateway-916,dev-59357
1770,267.114285714286,9349,2023-08-14 07:56:22.203705344,bright-thermo-600,dev-2020
1771,41.0,246,2023-07-23 23:27:27.021980160,sharp-meter-331,dev-24437
1772,15.5,31,2023-11-15 07:43:17.761908992,tiny-tracker-692,dev-4833
1773,41.0,246,2023-09-11 11:21:01.327508736,smart-tracker-852,dev-81989
1774,874.543305243446,3736049,2023-10-29 12:11:12.283098112,bright-gateway-864,dev-26074
1775,449.875,39589,2023-07-22 00:47:18.879888896,bright-gateway-608,dev-5025
1776,488.0,6344,2023-01-11 09:08:06.566727424,sharp-meter-611,dev-6747
1777,883.958810491319,4785753,2023-01-25 16:54:04.411979520,fast-thermo-542,dev-93329
1778,523.219178082192,38195,2023-06-27 10:26:17.983240704,fast-thermo-847,dev-31206
1779,41.0,246,2023-04-24 04:16:23.186484224,sharp-thermo-951,dev-48205
1780,521.538461538462,47460,2023-11-06 08:59:33.878710528,sharp-relay-693,dev-42712
1781,41.0,246,2023-10-28 16:54:59.502395392,sharp-cam-858,dev-31105
1782,860.359537110934,2156061,2023-08-18 17:41:10.429547520,sharp-cam-254,dev-31439
1783,694.231343283582,93027,2023-11-08 06:07:19.314621696,fast-tracker-416,dev-93834
1784,129.0,2967,2023-11-14 23:04:48.216231680,silent-thermo-668,dev-53428
1785,119.96,2999,2023-12-27 23:05:17.355313920,silent-relay-694,dev-13455
1786,166.267857142857,18622,2023-01-06 07:42:14.256162560,smart-meter-655,dev-83714
1787,845.195689655172,980427,2023-10-03 12:41:16.346613248,bright-meter-959,dev-90943
1788,225.925925925926,6100,2023-02-19 22:56:23.667646464,bright-relay-639,dev-73807
1789,910.075510204082,1337811,2023-01-12 04:44:01.996875520,bright-meter-814,dev-1619
1790,41.0,246,2023-10-26 01:33:27.181080064,silent-relay-878,dev-57565
1791,41.0,246,2023-03-12 12:18:13.501524992,fast-meter-544,dev-31382
1792,241.9375,3871,2023-09-30 11:49:04.995163392,silent-thermo-576,dev-19155
1793,41.0,246,2023-06-21 16:39:43.070207488,sharp-gateway-425,dev-56721
1794,129.0,2967,2023-01-14 00:46:36.366673152,fast-tracker-432,dev-85417
1795,427.326923076923,22221,2023-01-05 07:37:21.322492928,bright-thermo-248,dev-61337
1796,306.977272727273,13507,2023-09-06 18:00:47.214224128,sharp-thermo-298,dev-63484
1797,41.0,246,2023-05-09 12:31:21.868699904,fast-gateway-170,dev-56124
1798,304.58064516129,9442,2023-05-16 22:05:31.047209472,silent-cam-841,dev-30120
1799,41.0,246,2023-09-25 03:48:58.273330944,tiny-thermo-697,dev-79333
1800,41.0,246,2023-09-18 02:47:48.311186432,bright-relay-497,dev-27967
1801,266.479166666667,12791,2023-11-01 23:29:54.470149120,bright-cam-397,dev-31202
1802,327.428571428571,6876,2023-02-01 02:32:31.554743808,bright-cam-674,dev-86018
1803,171.196721311475,10443,2023-02-14 18:20:24.331918592,fast-meter-628,dev-76812
1804,293.775,11751,2023-05-15 16:02:22.307769600,smart-thermo-952,dev-89987
1805,316.225806451613,9803,2023-12-22 02:40:09.324107520,bright-gateway-890,dev-89493
1806,107.9375,1727,2023-09-27 19:22:29.357958144,smart-tracker-774,dev-32317
1807,272.357142857143,7626,2023-04-05 11:14:18.196241408,silent-thermo-620,dev-16899
1808,360.539682539683,45428,2023-04-10 03:28:38.800449024,tiny-gateway-378,dev-16949
1809,28.7647058823529,489,2023-04-16 21:15:33.496092672,sharp-meter-631,dev-6817
1810,833.864818024263,481140,2023-03-27 20:18:05.723491072,smart-gateway-705,dev-77616
1811,666.136752136752,77938,2023-12-10 04:23:18.111729152,tiny-meter-639,dev-68706
1812,383.113636363636,16857,2023-12-16 08:26:52.282820608,bright-cam-904,dev-80036
1813,249.68,6242,2023-01-10 03:08:35.931865600,silent-meter-764,dev-20675
1814,227.333333333333,5456,2023-07-07 13:34:35.559683072,fast-gateway-725,dev-83099
1815,926.545454545455,499408,2023-01-14 09:46:03.080634880,sharp-relay-546,dev-27298
1816,156.304347826087,3595,2023-03-18 01:56:20.119517440,tiny-tracker-620,dev-24794
1817,163.666666666667,3928,2023-10-03 16:58:25.735334656,sharp-relay-161,dev-59598
1818,888.864739884393,3844340,2023-06-19 10:34:22.385176832,fast-meter-544,dev-31382
1819,221.16,5529,2023-08-19 14:42:11.021039360,fast-gateway-294,dev-87409
1820,394.574074074074,21307,2023-07-29 12:01:57.736473088,sharp-thermo-758,dev-6707
1821,335.105263157895,6367,2023-12-22 04:55:39.720100608,bright-cam-512,dev-84227
1822,214.307692307692,5572,2023-06-08 18:43:53.197416704,tiny-thermo-215,dev-35315
1823,280.478260869565,6451,2023-11-28 00:44:24.435878912,silent-gateway-339,dev-86620
1824,858.787595581988,1010793,2023-04-04 20:39:58.159786240,smart-cam-725,dev-20661
1825,391.347826086957,9001,2023-01-06 07:18:40.019649280,silent-gateway-425,dev-66045
1826,293.0,3809,2023-11-13 01:46:17.384172544,tiny-cam-448,dev-23759
1827,85.8095238095238,1802,2023-02-26 10:53:06.692766720,silent-gateway-894,dev-21459
1828,585.969696969697,77348,2023-08-16 12:51:56.695321088,sharp-meter-457,dev-16321
1829,7.66666666666667,23,2023-05-01 20:43:51.246491392,bright-cam-563,dev-80155
1830,664.792792792793,73792,2023-01-22 02:10:29.936791808,smart-relay-399,dev-58387
1831,234.913043478261,5403,2023-10-06 01:01:00.730782208,bright-gateway-405,dev-38327
1832,225.36,5634,2023-10-16 11:26:21.949204736,bright-meter-555,dev-60496
1833,309.209302325581,13296,2023-01-15 16:58:00.390433792,sharp-tracker-972,dev-84141
1834,193.96875,6207,2023-06-02 18:28:56.693345536,fast-cam-995,dev-33422
1835,235.684210526316,4478,2023-07-21 03:09:07.993404928,sharp-relay-305,dev-73892
1836,330.923076923077,8604,2023-06-01 22:21:17.646166272,smart-tracker-101,dev-65544
1837,275.620689655172,7993,2023-11-02 17:25:10.360463104,silent-cam-882,dev-58383
1838,30.8,462,2023-09-26 01:23:20.819559680,silent-tracker-218,dev-67037
1839,688.845323741007,191499,2023-05-06 11:41:22.348944384,smart-meter-220,dev-78397
1840,232.608695652174,5350,2023-05-26 21:47:55.731982592,fast-cam-633,dev-42963
1841,284.05,5681,2023-07-25 18:34:14.784308224,fast-gateway-624,dev-22481
1842,304.625,7311,2023-11-25 18:42:27.732218368,sharp-relay-973,dev-64741
1843,554.292452830189,58755,2023-10-24 03:32:14.041888512,smart-cam-752,dev-5730
1844,143.681818181818,3161,2023-10-18 00:00:07.320418816,silent-meter-268,dev-10292
1845,319.461538461538,4153,2023-09-11 08:11:44.482195712,tiny-relay-770,dev-89728
1846,244.185185185185,6593,2023-11-06 21:02:54.956986880,fast-tracker-864,dev-1556
1847,259.730769230769,6753,2023-11-20 19:34:58.824436992,sharp-thermo-450,dev-8315
1848,229.72,5743,2023-03-09 23:19:23.159133952,smart-cam-146,dev-31882
1849,242.586206896552,7035,2023-02-26 21:52:56.795866624,smart-relay-856,dev-11249
1850,75.3978494623656,7012,2023-08-11 23:45:38.123206144,fast-meter-400,dev-83076
1851,203.972972972973,7547,2023-07-05 00:16:48.008391680,bright-cam-507,dev-91817
1852,1053.49405503883,21973779,2023-09-14 10:35:01.043438080,bright-meter-143,dev-34917
1853,359.423728813559,21206,2023-04-09 00:48:42.159373312,tiny-gateway-838,dev-57212
1854,376.029411764706,12785,2023-07-24 11:15:55.604094464,bright-meter-435,dev-17689
1855,738.434782608696,203808,2023-07-01 01:09:23.722223872,fast-thermo-134,dev-45589
1856,288.791666666667,6931,2023-02-06 22:02:36.156214272,fast-thermo-254,dev-55659
1857,179.428571428571,10048,2023-01-10 05:38:21.061893376,bright-relay-335,dev-64226
1858,394.448275862069,11439,2023-01-29 18:28:11.811083264,silent-cam-680,dev-88526
1859,340.72,8518,2023-10-31 11:54:59.588039680,silent-tracker-359,dev-98871
1860,279.510204081633,13696,2023-02-10 17:32:28.761286912,bright-thermo-367,dev-27181
1861,376.582417582418,34269,2023-05-08 22:22:55.923933184,silent-thermo-691,dev-4364
1862,189.785714285714,5314,2023-09-10 07:20:23.435834112,fast-tracker-776,dev-7721
1863,367.25,14690,2023-10-22 05:45:02.807476992,tiny-tracker-781,dev-834
1864,229.958333333333,5519,2023-06-09 19:21:13.066326784,fast-tracker-684,dev-56734
1865,328.045454545455,7217,2023-02-22 11:32:34.791590400,sharp-tracker-410,dev-85372
1866,779.404761904762,65470,2023-01-17 19:51:41.551624704,bright-tracker-444,dev-61277
1867,226.28,5657,2023-12-09 12:57:16.153311232,tiny-cam-680,dev-40744
1868,289.368421052632,5498,2023-12-02 12:39:41.556800512,fast-tracker-982,dev-43479
1869,196.615384615385,5112,2023-03-01 10:52:57.605137664,bright-relay-123,dev-15224
1870,146.782608695652,3376,2023-01-10 00:32:03.856614912,fast-tracker-290,dev-21139
1871,276.5,8848,2023-01-17 09:07:10.418309888,smart-relay-297,dev-941
1872,246.882352941176,8394,2023-02-04 13:16:19.956115968,tiny-relay-894,dev-31362
1873,288.818181818182,6354,2023-03-16 12:26:14.426873088,tiny-cam-527,dev-67826
1874,15.5,31,2023-11-16 17:02:33.115434752,fast-tracker-497,dev-91896
1875,252.090909090909,5546,2023-02-13 16:45:49.289057792,smart-relay-442,dev-72180
1876,7.66666666666667,23,2023-06-20 08:13:37.755786240,silent-cam-309,dev-79635
1877,269.789473684211,5126,2023-04-01 09:39:15.553982208,sharp-relay-403,dev-51922
1878,229.2,5730,2023-09-05 03:56:01.099064320,smart-thermo-393,dev-871
1879,222.84,5571,2023-08-01 11:35:35.147057152,fast-relay-554,dev-69333
1880,271.130434782609,12472,2023-03-06 12:28:34.909086208,tiny-meter-907,dev-86484
1881,236.826086956522,5447,2023-05-09 06:40:34.969566208,silent-meter-164,dev-99776
1882,156.55737704918,38200,2023-06-02 23:01:41.283103744,fast-cam-378,dev-52641
1883,122.518518518519,3308,2023-04-04 17:50:24.222817024,silent-thermo-117,dev-1062
1884,232.037037037037,6265,2023-11-18 11:32:16.762490112,sharp-gateway-177,dev-55820
1885,152.657142857143,16029,2023-09-15 23:00:31.842866432,smart-relay-290,dev-67647
1886,166.333333333333,3493,2023-12-01 12:03:27.195742976,silent-cam-429,dev-74643
1887,331.365853658537,13586,2023-03-13 16:12:12.632766464,silent-cam-482,dev-43495
1888,230.181818181818,7596,2023-07-24 13:17:23.112155904,smart-tracker-130,dev-82155
1889,666.392857142857,74636,2023-06-14 16:49:49.109325568,bright-thermo-461,dev-98701
1890,355.6,8890,2023-07-25 12:04:32.733256192,tiny-relay-339,dev-86473
1891,551.223880597015,36932,2023-10-01 15:27:35.942526720,bright-thermo-691,dev-50431
1892,1091.70566062296,201287598,2023-08-24 06:31:55.649638656,silent-cam-650,dev-16593
1893,198.214953271028,42418,2023-10-22 12:18:54.194490368,fast-relay-517,dev-95510
1894,283.521739130435,6521,2023-04-20 21:28:38.087738368,bright-relay-155,dev-18185
1895,423.890410958904,30944,2023-12-03 04:30:04.915312896,bright-thermo-589,dev-77125
1896,734.094339622642,194535,2023-02-10 12:48:27.178214144,fast-thermo-647,dev-87625
1897,230.269230769231,5987,2023-04-24 18:53:52.163691008,smart-thermo-957,dev-84697
1898,255.863636363636,5629,2023-03-19 18:33:26.168213760,sharp-relay-524,dev-85034
1899,185.806451612903,5760,2023-06-01 12:04:13.514439168,sharp-tracker-112,dev-95109
1900,645.633898305085,190462,2023-08-09 00:31:11.618738176,sharp-thermo-624,dev-47475
