id,packet_size_avg,packet_size_sum,timestamp,device_name,device_id
0,64.625,679,2023-11-27 02:01:00.314254848,sharp-relay-167,dev-51096
1,64.625,679,2023-12-15 22:08:14.743672064,smart-relay-376,dev-8020
2,64.625,679,2023-10-26 22:39:03.680274176,tiny-thermo-937,dev-11723
3,64.625,679,2023-09-19 16:14:39.988429056,sharp-gateway-330,dev-8966
4,64.625,679,2023-01-03 19:35:48.661924864,smart-meter-549,dev-54320
5,64.625,679,2023-11-15 07:31:10.293186560,smart-relay-458,dev-41948
6,64.625,679,2023-07-27 12:42:54.729006080,tiny-tracker-197,dev-10124
7,64.625,679,2023-03-17 19:08:02.178113536,bright-thermo-723,dev-7793
8,64.625,679,2023-01-02 02:58:02.929172224,fast-thermo-588,dev-13666
9,64.625,679,2023-04-27 02:09:47.428730368,silent-relay-966,dev-83139
10,64.625,679,2023-01-22 07:45:19.090978048,bright-cam-302,dev-7766
11,64.625,679,2023-08-12 07:20:26.591745536,silent-cam-323,dev-45931
12,64.625,679,2023-05-02 13:20:42.560606976,bright-relay-411,dev-22039
13,64.625,679,2023-08-24 23:39:12.705343488,sharp-meter-162,dev-73413
14,64.625,679,2023-01-20 13:06:51.997689344,sharp-tracker-492,dev-33450
15,64.625,679,2023-09-22 13:41:04.393816576,fast-relay-109,dev-44682
16,64.625,679,2023-07-05 04:58:44.979148032,sharp-cam-393,dev-7432
17,64.625,679,2023-03-08 14:48:18.120473856,fast-gateway-953,dev-43253
18,64.625,679,2023-12-17 00:15:02.057085440,sharp-cam-182,dev-36674
19,64.625,679,2023-09-23 14:17:07.829034752,sharp-gateway-656,dev-22861
20,64.625,679,2023-08-08 11:15:02.053579776,fast-thermo-749,dev-62939
21,64.625,679,2023-11-30 06:05:20.189084672,sharp-cam-298,dev-56423
22,64.625,679,2023-12-06 22:33:48.113555968,sharp-meter-542,dev-6534
23,64.625,679,2023-06-16 17:01:35.120532224,fast-cam-517,dev-17435
24,64.625,679,2023-09-15 16:32:47.001318912,bright-meter-252,dev-13707
25,64.625,679,2023-03-02 13:07:55.475912704,fast-tracker-924,dev-81341
26,64.625,679,2023-03-30 10:45:08.436057856,sharp-cam-198,dev-86813
27,64.625,679,2023-03-29 02:18:08.840237568,tiny-tracker-123,dev-11890
28,64.625,679,2023-12-02 17:40:48.434371072,sharp-meter-682,dev-91997
29,64.625,679,2023-02-05 00:58:46.568961024,sharp-gateway-625,dev-24273
30,64.625,679,2023-03-17 21:36:10.148305408,bright-tracker-449,dev-62999
31,64.625,679,2023-11-28 03:34:20.664358144,tiny-tracker-804,dev-46312
32,64.625,679,2023-02-05 00:42:16.190561792,smart-relay-754,dev-92475
33,64.625,679,2023-02-28 00:48:16.464461312,bright-gateway-978,dev-65442
34,64.625,679,2023-06-13 16:43:46.756125696,tiny-relay-485,dev-62761
35,64.625,679,2023-09-19 01:29:10.492048640,silent-relay-139,dev-79381
36,64.625,679,2023-06-19 23:43:45.506332672,smart-gateway-712,dev-85960
37,64.625,679,2023-12-23 09:48:16.636825600,sharp-relay-521,dev-13678
38,64.625,679,2023-03-24 07:55:29.444993792,silent-relay-684,dev-44739
39,64.625,679,2023-10-30 20:30:43.319813376,bright-cam-510,dev-99629
40,64.625,679,2023-12-14 22:34:14.748914944,silent-tracker-386,dev-3250
41,64.625,679,2023-07-16 04:23:21.701036800,fast-relay-820,dev-53541
42,64.625,679,2023-05-06 09:57:21.780715264,bright-tracker-887,dev-9702
43,64.625,679,2023-10-30 06:27:24.152428800,tiny-tracker-692,dev-95077
44,64.625,679,2023-04-16 01:32:42.181384960,bright-relay-224,dev-93181
45,64.625,679,2023-03-30 14:46:14.145485568,bright-gateway-458,dev-24157
46,64.625,679,2023-06-11 09:48:27.319482624,sharp-tracker-377,dev-96950
47,64.625,679,2023-03-14 04:24:14.607243776,bright-gateway-404,dev-44589
48,64.625,679,2023-01-24 20:06:18.713500928,silent-gateway-105,dev-35895
49,64.625,679,2023-09-15 21:45:00.375762688,tiny-meter-416,dev-97833
50,64.625,679,2023-03-12 00:33:20.947486720,sharp-thermo-710,dev-34812
51,64.625,679,2023-09-07 19:57:50.524528896,fast-tracker-728,dev-13271
52,64.625,679,2023-12-11 22:36:07.193111808,silent-relay-168,dev-69347
53,64.625,679,2023-08-14 01:57:19.867210752,bright-cam-179,dev-39676
54,64.625,679,2023-10-30 13:20:16.807494656,silent-meter-236,dev-2715
55,64.625,679,2023-01-20 17:00:28.780649472,silent-tracker-502,dev-53533
56,64.625,679,2023-11-27 15:52:24.815762944,tiny-cam-893,dev-48862
57,64.625,679,2023-07-31 06:15:02.524691968,smart-meter-123,dev-76936
58,64.625,679,2023-03-21 14:39:02.588691200,fast-thermo-518,dev-58490
59,64.625,679,2023-07-31 06:03:05.688725248,sharp-meter-246,dev-18740
60,64.625,679,2023-04-03 19:08:27.613940992,sharp-tracker-100,dev-18856
61,64.625,679,2023-03-01 15:43:47.163296000,silent-meter-662,dev-4072
62,64.625,679,2023-03-05 19:38:26.211813888,bright-relay-670,dev-23873
63,64.625,679,2023-06-19 00:53:46.390208768,sharp-tracker-598,dev-54453
64,64.625,679,2023-10-17 14:16:01.175535616,smart-cam-194,dev-93476
65,64.625,679,2023-11-15 05:46:24.656332288,sharp-gateway-524,dev-25580
66,64.625,679,2023-08-20 11:55:54.761122304,tiny-gateway-624,dev-99425
67,64.625,679,2023-05-25 04:32:26.636240384,smart-meter-983,dev-48749
68,64.625,679,2023-10-12 13:00:39.064326144,tiny-relay-324,dev-56973
69,64.625,679,2023-09-27 17:41:09.656999936,fast-tracker-338,dev-12392
70,64.625,679,2023-07-21 01:16:11.565833216,smart-meter-850,dev-64842
71,64.625,679,2023-05-13 06:44:38.662487040,silent-gateway-165,dev-87334
72,64.625,679,2023-05-04 10:24:37.921994240,bright-thermo-186,dev-49067
73,64.625,679,2023-09-01 11:09:14.631163904,smart-relay-319,dev-65184
74,64.625,679,2023-01-31 20:07:00.600947200,smart-gateway-719,dev-65575
75,64.625,679,2023-06-10 20:23:53.572824320,sharp-cam-271,dev-61043
76,64.625,679,2023-08-04 16:12:39.950415872,bright-gateway-521,dev-34339
77,64.625,679,2023-01-05 14:55:09.653506304,sharp-meter-224,dev-48769
78,64.625,679,2023-02-04 02:39:41.765744640,fast-relay-254,dev-26570
79,64.625,679,2023-04-07 17:19:32.901988608,bright-cam-401,dev-1508
80,64.625,679,2023-03-12 05:17:03.955758848,silent-tracker-738,dev-97582
81,64.625,679,2023-10-09 04:27:56.511020032,smart-meter-981,dev-14365
82,64.625,679,2023-07-06 00:28:32.650283008,tiny-cam-840,dev-44150
83,64.625,679,2023-12-08 14:44:30.652023296,bright-thermo-795,dev-31474
84,64.625,679,2023-09-06 12:44:19.797824768,fast-relay-731,dev-7867
85,64.625,679,2023-11-30 05:04:48.407397376,silent-cam-575,dev-98386
86,64.625,679,2023-05-02 13:48:44.252069376,fast-gateway-153,dev-55356
87,64.625,679,2023-06-05 09:06:14.439338496,smart-tracker-401,dev-8214
88,64.625,679,2023-11-19 04:16:19.569656576,bright-cam-787,dev-56118
89,64.625,679,2023-07-11 21:09:59.227032320,fast-thermo-109,dev-4551
90,64.625,679,2023-07-17 15:24:25.743454720,smart-cam-143,dev-46238
91,64.625,679,2023-04-11 05:39:45.156141824,smart-thermo-251,dev-22786
92,64.625,679,2023-11-28 18:32:16.940953856,fast-relay-717,dev-14542
93,64.625,679,2023-02-26 00:14:39.619765760,silent-relay-710,dev-76255
94,64.625,679,2023-04-21 21:26:43.324627200,silent-cam-873,dev-38067
95,64.625,679,2023-09-21 02:11:35.653668096,tiny-thermo-381,dev-20962
96,64.625,679,2023-10-15 13:29:39.798929408,tiny-thermo-119,dev-90888
97,64.625,679,2023-08-03 21:38:01.916717056,sharp-meter-307,dev-99967
98,64.625,679,2023-11-26 14:12:40.769405184,tiny-relay-226,dev-37091
99,64.625,679,2023-01-12 20:53:33.095582976,bright-thermo-471,dev-22992
100,64.625,679,2023-02-23 01:53:39.477355008,sharp-cam-225,dev-31530
101,64.625,679,2023-12-30 02:59:33.549101824,tiny-thermo-930,dev-77938
102,64.625,679,2023-08-20 21:26:20.190897920,smart-relay-945,dev-12834
103,64.625,679,2023-06-18 09:04:34.574563840,bright-meter-441,dev-53788
104,64.625,679,2023-08-28 00:44:00.651620352,bright-relay-921,dev-59340
105,64.625,679,2023-01-23 05:08:46.756964096,fast-relay-901,dev-32269
106,64.625,679,2023-05-24 06:29:48.521713664,silent-cam-771,dev-49866
107,64.625,679,2023-08-16 10:05:22.390029824,fast-relay-927,dev-26267
108,64.625,679,2023-08-07 18:06:00.177333248,bright-meter-744,dev-21584
109,64.625,679,2023-12-29 09:49:19.786287872,bright-relay-987,dev-83132
110,64.625,679,2023-08-16 03:50:58.359887872,smart-cam-888,dev-84320
111,64.625,679,2023-07-15 19:27:07.097133824,sharp-tracker-868,dev-461
112,64.625,679,2023-08-06 22:38:34.144893952,tiny-relay-428,dev-49247
113,64.625,679,2023-04-22 05:30:20.231303424,smart-tracker-556,dev-53278
114,64.625,679,2023-08-28 08:09:18.259216384,silent-meter-906,dev-59015
115,64.5,645,2023-03-13 14:16:01.774238976,sharp-relay-322,dev-33863
116,64.625,679,2023-03-15 02:40:23.023197184,fast-tracker-357,dev-90003
117,64.625,679,2023-06-02 13:28:22.769061376,bright-meter-974,dev-32667
118,64.625,679,2023-02-14 03:23:52.507330816,fast-gateway-250,dev-76764
119,64.625,679,2023-08-29 05:54:23.777236992,silent-thermo-999,dev-44571
120,64.625,679,2023-01-05 06:27:17.051896576,silent-cam-821,dev-39049
121,64.625,679,2023-05-31 12:39:34.764759808,bright-tracker-911,dev-72843
122,64.625,679,2023-02-28 04:45:03.091126272,sharp-thermo-461,dev-22581
123,64.625,679,2023-01-04 09:05:21.070560256,smart-gateway-664,dev-63949
124,64.625,679,2023-09-26 19:41:06.502680064,fast-relay-636,dev-1079
125,64.625,679,2023-03-21 17:13:57.400768768,sharp-relay-861,dev-77325
126,64.625,679,2023-08-11 15:34:00.884519936,tiny-gateway-995,dev-35485
127,64.625,679,2023-10-15 16:12:17.351682816,sharp-cam-587,dev-20056
128,64.625,679,2023-07-01 08:39:47.738450688,fast-cam-399,dev-69942
129,64.625,679,2023-07-08 07:16:08.568879104,bright-meter-792,dev-26690
130,64.625,679,2023-04-19 11:17:31.123088128,sharp-thermo-942,dev-65852
131,0.0,0,2023-04-23 19:50:35.749186048,sharp-meter-234,dev-58487
132,64.625,679,2023-04-26 13:28:41.577493760,silent-cam-530,dev-86541
133,64.625,679,2023-07-03 19:27:45.652950016,bright-relay-358,dev-46249
134,64.625,679,2023-07-30 00:56:22.998234112,sharp-tracker-641,dev-62015
135,64.625,679,2023-07-14 07:05:04.796989952,fast-cam-703,dev-87173
136,64.625,679,2023-02-12 03:59:10.473512192,sharp-tracker-373,dev-93508
137,64.625,679,2023-08-21 02:34:38.203232000,smart-thermo-400,dev-42101
138,0.0,0,2023-12-29 01:43:57.467746304,bright-meter-957,dev-55204
139,64.625,679,2023-06-04 19:08:02.124349184,silent-tracker-117,dev-2317
140,64.625,679,2023-10-07 10:01:51.076384256,fast-meter-745,dev-44375
141,64.625,679,2023-10-10 04:29:54.851743744,bright-tracker-793,dev-71793
142,64.625,679,2023-04-17 12:32:15.771425024,sharp-gateway-338,dev-93413
143,64.625,679,2023-05-22 04:27:58.763430400,fast-thermo-687,dev-56748
144,64.625,679,2023-06-06 06:04:04.600857600,silent-cam-841,dev-36787
145,64.625,679,2023-12-05 02:44:22.665632768,fast-meter-245,dev-85963
146,64.625,679,2023-08-05 22:05:55.790375424,tiny-cam-571,dev-90732
147,64.625,679,2023-12-16 11:17:27.942817536,silent-meter-586,dev-31042
148,64.625,679,2023-07-09 10:06:14.468632064,silent-tracker-408,dev-90947
149,64.625,679,2023-07-06 08:40:44.825150464,bright-tracker-343,dev-89105
150,64.625,679,2023-08-12 08:17:48.670471168,bright-thermo-191,dev-84901
151,64.625,679,2023-05-02 04:04:08.479867648,tiny-relay-505,dev-36785
152,64.625,679,2023-04-08 00:53:25.941943040,fast-meter-658,dev-40091
153,64.625,679,2023-09-28 12:37:07.292543744,bright-tracker-184,dev-50315
154,64.625,679,2023-12-22 19:23:35.695624960,fast-relay-313,dev-19737
155,64.625,679,2023-04-20 18:25:11.791801344,smart-thermo-714,dev-18302
156,64.625,679,2023-10-09 21:54:24.762259968,silent-gateway-586,dev-55544
157,64.625,679,2023-05-28 07:12:23.642671616,smart-relay-261,dev-86531
158,64.625,679,2023-04-24 04:12:13.134060800,bright-meter-997,dev-11692
159,64.625,679,2023-07-17 20:04:52.906106368,fast-thermo-401,dev-75803
160,64.625,679,2023-08-01 08:28:30.771681024,fast-relay-826,dev-71338
161,64.625,679,2023-07-06 08:41:30.297362944,sharp-gateway-202,dev-80171
162,64.625,679,2023-07-07 08:44:44.873573888,silent-meter-896,dev-93224
163,64.625,679,2023-10-01 07:09:44.009425408,smart-relay-901,dev-8778
164,64.625,679,2023-04-02 18:19:50.949520384,silent-meter-548,dev-79186
165,64.625,679,2023-12-10 18:51:46.796587776,smart-relay-484,dev-14857
166,64.625,679,2023-06-11 08:37:32.737363200,silent-gateway-882,dev-62124
167,64.625,679,2023-09-12 18:52:14.045234944,bright-relay-257,dev-28175
168,64.625,679,2023-06-06 13:56:07.453361664,fast-relay-111,dev-5209
169,64.625,679,2023-01-06 17:01:43.481843456,fast-meter-237,dev-13669
170,64.625,679,2023-06-03 06:30:12.828256256,tiny-tracker-749,dev-24697
171,64.625,679,2023-11-21 19:38:43.974155008,silent-meter-235,dev-55707
172,64.625,679,2023-05-03 22:07:12.140645376,tiny-cam-916,dev-97944
173,64.625,679,2023-09-05 18:10:18.946078464,smart-meter-741,dev-60334
174,64.625,679,2023-08-13 04:37:05.268135424,tiny-cam-526,dev-66742
175,64.625,679,2023-03-13 01:58:34.904711168,tiny-relay-719,dev-13368
176,64.625,679,2023-03-07 05:15:55.545224448,silent-relay-460,dev-61085
177,64.625,679,2023-10-18 02:08:51.699688704,tiny-thermo-716,dev-25258
178,64.625,679,2023-11-17 03:55:53.021942016,tiny-tracker-830,dev-49016
179,64.625,679,2023-05-03 09:31:43.758394112,bright-tracker-925,dev-6150
180,64.625,679,2023-03-01 06:14:10.278276352,silent-cam-838,dev-56707
181,64.625,679,2023-08-04 21:27:52.633652992,bright-tracker-596,dev-22226
182,64.625,679,2023-12-03 23:26:47.603253760,sharp-meter-200,dev-12184
183,64.625,679,2023-02-13 21:41:55.581081600,fast-cam-491,dev-2990
184,64.625,679,2023-10-15 16:58:06.788858112,fast-meter-548,dev-32005
185,64.625,679,2023-04-19 02:49:19.893532928,bright-meter-832,dev-59302
186,64.625,679,2023-10-16 22:38:17.826269696,smart-tracker-839,dev-9902
187,64.625,679,2023-01-31 00:11:51.655659264,bright-thermo-208,dev-86732
188,64.625,679,2023-02-21 18:58:49.966529792,silent-meter-353,dev-6072
189,64.625,679,2023-02-03 19:34:36.481282816,smart-cam-886,dev-89142
190,64.625,679,2023-12-01 23:52:06.906109952,silent-meter-379,dev-68756
191,64.625,679,2023-07-21 21:35:44.004861696,bright-thermo-920,dev-83437
192,0.0,0,2023-01-30 10:27:55.521193728,fast-gateway-654,dev-57446
193,64.625,679,2023-09-28 01:12:24.966767616,smart-tracker-116,dev-50221
194,64.625,679,2023-09-17 06:23:41.268535808,bright-thermo-649,dev-54096
195,64.625,679,2023-10-15 08:16:38.970778112,fast-cam-724,dev-29114
196,64.625,679,2023-01-23 22:27:52.119108096,silent-meter-744,dev-11500
197,64.625,679,2023-11-30 20:03:55.548192000,sharp-cam-582,dev-59960
198,64.625,679,2023-08-18 19:35:16.049456896,fast-cam-655,dev-30354
199,64.625,679,2023-06-07 20:02:21.374062336,bright-relay-990,dev-5528
200,10.0,140,2023-09-11 13:54:03.288656128,silent-gateway-555,dev-27080
201,64.625,679,2023-10-28 04:39:02.096256768,fast-cam-438,dev-36704
202,64.625,679,2023-10-20 02:14:53.983281152,fast-cam-386,dev-50298
203,64.625,679,2023-08-29 18:53:28.723912704,silent-relay-700,dev-22374
204,64.625,679,2023-06-15 20:48:06.818959360,silent-gateway-343,dev-99166
205,64.625,679,2023-03-26 11:58:37.796947200,fast-relay-924,dev-53873
206,64.625,679,2023-04-22 02:26:16.897221376,smart-tracker-802,dev-87282
207,64.625,679,2023-05-04 02:56:17.038861824,bright-cam-374,dev-37670
208,64.625,679,2023-12-10 18:33:35.583886848,tiny-relay-586,dev-98430
209,64.625,679,2023-10-09 02:26:39.406278144,smart-relay-292,dev-84716
210,64.625,679,2023-12-07 14:27:49.924007168,fast-meter-702,dev-24378
211,64.625,679,2023-06-04 08:03:36.883977984,sharp-meter-403,dev-99226
212,64.625,679,2023-04-27 19:40:55.605247232,tiny-thermo-818,dev-19256
213,64.625,679,2023-08-25 12:17:39.478663680,silent-relay-235,dev-43561
214,64.625,679,2023-09-20 08:47:02.303619328,sharp-relay-940,dev-6631
215,64.625,679,2023-01-06 22:23:53.172837632,silent-cam-690,dev-19144
216,64.625,679,2023-04-24 21:17:47.862987520,fast-meter-285,dev-97292
217,64.625,679,2023-08-14 07:09:40.866863104,silent-thermo-898,dev-72155
218,64.625,679,2023-08-26 12:27:19.703244032,smart-thermo-910,dev-77066
219,64.625,679,2023-05-09 17:39:42.130482688,fast-tracker-323,dev-80371
220,64.625,679,2023-06-13 13:09:25.827911680,smart-tracker-803,dev-15286
221,64.625,679,2023-06-27 05:15:26.328918016,sharp-cam-202,dev-66489
222,64.625,679,2023-08-11 08:58:34.275767040,tiny-thermo-765,dev-69348
223,64.625,679,2023-08-25 08:54:59.196738304,silent-thermo-842,dev-95212
224,64.625,679,2023-03-10 10:25:50.503460608,tiny-relay-885,dev-35387
225,64.625,679,2023-04-05 01:20:53.424508672,bright-thermo-873,dev-13344
226,64.625,679,2023-04-02 01:33:16.965410048,silent-relay-740,dev-44032
227,64.625,679,2023-02-11 01:51:55.298831616,sharp-relay-595,dev-55423
228,64.625,679,2023-07-24 04:45:52.052781312,tiny-relay-892,dev-26346
229,64.625,679,2023-12-16 10:46:14.708009728,fast-relay-294,dev-83332
230,64.625,679,2023-02-04 18:35:37.009397504,sharp-cam-153,dev-86079
231,64.625,679,2023-01-30 16:03:15.026204928,sharp-cam-602,dev-61743
232,64.625,679,2023-05-30 08:52:57.487513088,bright-cam-275,dev-53905
233,64.625,679,2023-09-11 03:11:55.809100288,sharp-tracker-748,dev-35
234,64.625,679,2023-09-02 12:47:28.762281984,silent-cam-311,dev-24134
235,64.625,679,2023-10-26 23:01:06.919897344,fast-gateway-444,dev-95488
236,64.625,679,2023-08-22 17:57:35.607939840,sharp-thermo-614,dev-84714
237,64.625,679,2023-05-01 00:45:29.806106624,silent-cam-144,dev-1220
238,64.625,679,2023-10-23 04:42:16.864050944,fast-cam-209,dev-37898
239,64.625,679,2023-09-12 02:47:58.788015104,fast-gateway-497,dev-51493
240,64.625,679,2023-11-16 04:50:29.866918656,smart-relay-136,dev-58442
241,64.625,679,2023-09-26 22:12:03.443911680,sharp-meter-294,dev-4690
242,64.625,679,2023-11-09 17:22:47.809042688,tiny-gateway-732,dev-14288
243,64.625,679,2023-11-14 00:20:52.144027392,bright-cam-141,dev-30687
244,64.625,679,2023-05-05 21:23:33.907317248,silent-gateway-618,dev-80728
245,64.625,679,2023-08-14 13:38:31.010519296,fast-gateway-662,dev-6568
246,64.625,679,2023-02-02 17:14:43.367139072,silent-tracker-247,dev-59573
247,64.625,679,2023-04-27 13:34:37.831218176,bright-gateway-577,dev-52850
248,64.625,679,2023-11-20 07:47:21.698806016,tiny-meter-890,dev-71592
249,64.625,679,2023-10-12 11:21:41.422022400,fast-meter-505,dev-21028
250,64.625,679,2023-04-17 17:43:50.694288128,smart-meter-679,dev-98728
251,64.625,679,2023-01-13 00:44:14.545205760,smart-meter-900,dev-96537
252,64.625,679,2023-09-14 05:51:39.509864960,fast-gateway-210,dev-94755
253,64.625,679,2023-11-07 04:39:21.511288320,fast-cam-619,dev-62500
254,64.625,679,2023-12-21 12:42:24.765716736,smart-tracker-644,dev-3624
255,64.625,679,2023-02-27 13:16:35.145264128,bright-cam-769,dev-1161
256,64.625,679,2023-11-26 18:18:34.018828800,silent-relay-579,dev-56367
257,64.625,679,2023-05-19 00:05:31.121299712,silent-meter-311,dev-97316
258,64.625,679,2023-03-21 08:47:17.526694912,silent-meter-167,dev-48342
259,64.625,679,2023-12-17 13:43:27.296021504,tiny-thermo-109,dev-2043
260,64.625,679,2023-03-28 10:32:26.693382656,tiny-relay-593,dev-54218
261,64.625,679,2023-03-25 07:06:29.790880256,silent-thermo-216,dev-8544
262,64.625,679,2023-03-11 16:52:58.016443392,tiny-gateway-159,dev-25281
263,64.625,679,2023-12-28 12:31:23.193953536,sharp-meter-941,dev-25015
264,64.625,679,2023-05-17 08:58:39.768690176,smart-meter-436,dev-48683
265,64.625,679,2023-02-04 06:15:07.945024768,silent-relay-199,dev-78263
266,64.625,679,2023-12-14 14:38:24.177114624,bright-meter-272,dev-73990
267,64.625,679,2023-12-18 19:33:26.635040512,silent-gateway-192,dev-47668
268,64.625,679,2023-08-05 01:00:33.223233792,fast-tracker-977,dev-82712
269,64.625,679,2023-10-22 21:29:07.270544384,sharp-cam-874,dev-76994
270,64.625,679,2023-09-21 13:45:55.709630976,sharp-gateway-161,dev-28476
271,64.625,679,2023-11-05 14:58:35.841139456,bright-meter-558,dev-72233
272,64.625,679,2023-10-13 23:35:43.354650880,sharp-tracker-195,dev-52070
273,64.625,679,2023-07-20 16:23:14.403858432,fast-gateway-430,dev-56571
274,64.625,679,2023-02-22 20:42:25.117440512,bright-tracker-788,dev-63
275,64.625,679,2023-08-05 04:08:04.454110976,fast-relay-343,dev-9073
276,64.625,679,2023-12-18 00:36:20.708168448,sharp-relay-670,dev-53710
277,64.625,679,2023-12-02 08:05:27.569766912,fast-relay-495,dev-1717
278,64.625,679,2023-12-28 06:01:51.677878016,sharp-relay-817,dev-62777
279,64.625,679,2023-04-08 06:23:26.716072192,fast-cam-477,dev-79225
280,64.625,679,2023-12-02 08:19:33.929856512,fast-thermo-465,dev-17617
281,64.625,679,2023-12-05 06:35:30.069371904,fast-tracker-509,dev-65568
282,64.625,679,2023-11-29 20:37:29.246115072,fast-thermo-697,dev-98549
283,64.625,679,2023-05-23 22:57:26.913586432,smart-thermo-413,dev-40836
284,64.625,679,2023-11-13 06:34:40.362720256,tiny-relay-471,dev-98353
285,64.625,679,2023-06-23 09:52:09.595498496,smart-tracker-924,dev-45022
286,64.625,679,2023-01-14 19:22:44.113132544,fast-cam-674,dev-30069
287,64.625,679,2023-12-07 07:46:38.793168896,silent-thermo-496,dev-49470
288,64.625,679,2023-08-06 02:48:31.192947968,sharp-meter-689,dev-87877
289,64.625,679,2023-08-03 07:35:41.362436608,tiny-tracker-889,dev-94332
290,64.625,679,2023-03-06 18:40:20.417197824,fast-meter-496,dev-31669
291,64.625,679,2023-02-03 23:28:31.251949568,bright-tracker-734,dev-14901
292,64.625,679,2023-02-26 12:05:17.077485824,silent-thermo-278,dev-81894
293,64.625,679,2023-02-14 22:43:42.847461888,sharp-thermo-825,dev-8096
294,64.625,679,2023-08-25 07:49:13.359857152,fast-meter-726,dev-75645
295,64.625,679,2023-11-02 13:02:36.326182144,silent-gateway-705,dev-10560
296,64.625,679,2023-06-08 04:05:53.559972352,fast-meter-267,dev-65043
297,64.625,679,2023-02-03 00:53:51.823048448,smart-cam-512,dev-26417
298,64.625,679,2023-08-10 21:32:55.407925248,sharp-meter-731,dev-29793
299,64.625,679,2023-08-18 02:39:04.830329856,tiny-tracker-380,dev-95323
300,28.8181818181818,317,2023-01-11 08:49:09.367210496,tiny-cam-161,dev-51488
301,64.625,679,2023-07-18 00:54:43.745290496,tiny-cam-563,dev-84585
302,64.625,679,2023-06-19 11:40:33.281316352,fast-tracker-299,dev-41211
303,64.625,679,2023-06-20 09:19:46.536025856,bright-relay-505,dev-39695
304,64.625,679,2023-08-01 23:29:14.002688256,silent-gateway-264,dev-55999
305,64.625,679,2023-03-19 11:51:15.670447616,bright-thermo-943,dev-87636
306,64.625,679,2023-10-19 08:06:40.826781952,smart-meter-818,dev-39211
307,64.625,679,2023-01-24 12:08:19.646559232,smart-meter-302,dev-28454
308,64.625,679,2023-03-11 08:06:20.094574592,bright-gateway-886,dev-29165
309,64.625,679,2023-02-09 19:17:32.324305152,tiny-relay-900,dev-31606
310,64.625,679,2023-09-28 21:47:52.695578368,sharp-relay-716,dev-15681
311,64.625,679,2023-08-31 06:30:59.237386240,sharp-gateway-161,dev-28476
312,64.625,679,2023-10-11 03:25:34.916254464,silent-relay-303,dev-28059
313,64.625,679,2023-12-22 17:50:16.059929600,bright-gateway-210,dev-51349
314,64.625,679,2023-02-11 11:51:12.768783616,tiny-tracker-180,dev-37729
315,64.625,679,2023-09-11 23:51:38.455739392,tiny-gateway-641,dev-94333
316,64.625,679,2023-05-20 05:45:37.798797056,fast-thermo-965,dev-20505
317,64.625,679,2023-12-29 22:34:07.642764800,sharp-meter-907,dev-78202
318,64.625,679,2023-03-12 00:03:03.629078272,smart-gateway-943,dev-20717
319,64.625,679,2023-09-12 17:41:12.449596160,fast-meter-235,dev-58052
320,64.625,679,2023-07-15 01:16:26.256190976,silent-meter-169,dev-20591
321,64.625,679,2023-01-23 22:18:53.671407616,silent-meter-314,dev-99318
322,64.625,679,2023-03-09 19:53:27.080715008,bright-cam-800,dev-77390
323,64.625,679,2023-05-08 22:40:18.975780096,bright-gateway-759,dev-1607
324,64.625,679,2023-05-31 10:21:02.475823104,bright-tracker-675,dev-50273
325,64.625,679,2023-01-17 20:32:31.544783104,smart-gateway-484,dev-5655
326,64.625,679,2023-02-16 17:23:37.881288960,tiny-gateway-419,dev-26298
327,64.625,679,2023-01-21 21:15:44.758645248,bright-tracker-894,dev-70761
328,64.625,679,2023-12-22 23:39:09.013872384,smart-relay-302,dev-65824
329,64.625,679,2023-10-26 04:33:20.487999744,tiny-thermo-674,dev-53640
330,64.625,679,2023-12-16 18:21:09.086223872,bright-cam-535,dev-41559
331,64.625,679,2023-02-17 18:41:51.824185856,silent-gateway-267,dev-71134
332,64.625,679,2023-04-25 04:33:22.282323968,tiny-meter-764,dev-72442
333,64.625,679,2023-10-07 20:28:34.969397760,tiny-gateway-172,dev-56534
334,64.625,679,2023-10-26 23:24:16.906958336,bright-meter-952,dev-4585
335,64.625,679,2023-02-18 02:09:35.385370368,silent-relay-259,dev-79647
336,64.625,679,2023-06-05 08:16:28.651195392,silent-gateway-107,dev-34061
337,64.625,679,2023-02-06 15:37:59.927962112,smart-meter-557,dev-94743
338,64.625,679,2023-08-11 14:25:08.088813824,bright-relay-819,dev-28103
339,64.625,679,2023-11-14 04:55:37.580331264,silent-tracker-546,dev-89164
340,64.625,679,2023-02-08 02:02:07.253344768,sharp-tracker-572,dev-45447
341,64.625,679,2023-10-31 19:32:52.192930048,fast-relay-527,dev-85172
342,64.625,679,2023-10-13 17:50:08.611451648,bright-relay-849,dev-35433
343,64.625,679,2023-05-28 04:44:45.666141696,tiny-cam-996,dev-31411
344,64.625,679,2023-12-16 03:07:11.204580608,smart-relay-260,dev-96075
345,64.625,679,2023-01-07 22:16:11.943534336,bright-thermo-197,dev-72093
346,64.625,679,2023-10-10 20:46:19.787278592,tiny-gateway-554,dev-67907
347,64.625,679,2023-08-25 13:22:29.054853632,sharp-cam-548,dev-92246
348,64.625,679,2023-10-05 08:02:55.733559552,silent-cam-109,dev-88663
349,64.625,679,2023-04-18 14:14:50.468635904,fast-relay-240,dev-64435
350,64.625,679,2023-03-08 00:11:15.569222912,tiny-tracker-544,dev-94491
351,64.625,679,2023-10-14 15:45:33.832501760,bright-thermo-921,dev-83323
352,64.625,679,2023-11-09 15:43:28.744703488,smart-meter-293,dev-782
353,64.625,679,2023-04-19 06:17:25.518897408,bright-gateway-197,dev-48106
354,64.625,679,2023-07-17 00:28:24.516225536,sharp-relay-114,dev-76290
355,64.625,679,2023-02-18 02:23:43.187799552,smart-meter-189,dev-52054
356,64.625,679,2023-06-13 06:51:05.621760256,smart-tracker-682,dev-53991
357,64.625,679,2023-11-16 15:41:03.270412288,fast-relay-655,dev-11461
358,64.625,679,2023-07-06 08:41:03.958769920,fast-tracker-211,dev-51752
359,64.625,679,2023-05-12 04:27:02.118620928,tiny-cam-145,dev-8397
360,64.625,679,2023-04-21 09:30:57.704363008,smart-thermo-315,dev-35558
361,64.625,679,2023-08-07 13:48:14.608405504,fast-tracker-228,dev-36361
362,64.625,679,2023-12-10 23:21:36.549727744,silent-meter-175,dev-12108
363,64.625,679,2023-07-09 03:33:43.284127488,smart-gateway-962,dev-2589
364,64.625,679,2023-08-13 13:33:27.887128320,sharp-cam-270,dev-5328
365,64.625,679,2023-11-24 14:41:07.969487616,sharp-cam-892,dev-17161
366,64.625,679,2023-05-01 05:57:19.076109056,bright-tracker-334,dev-83234
367,64.625,679,2023-05-10 22:38:37.612412672,silent-tracker-263,dev-50762
368,64.625,679,2023-10-16 12:02:47.611849728,sharp-meter-353,dev-80169
369,64.625,679,2023-06-12 18:17:16.503998464,tiny-gateway-775,dev-47986
370,64.625,679,2023-02-09 19:41:11.133895168,sharp-cam-176,dev-52449
371,64.625,679,2023-10-26 03:44:38.444905472,tiny-meter-784,dev-57094
372,64.625,679,2023-08-05 10:30:38.564060160,fast-thermo-313,dev-93694
373,64.625,679,2023-08-24 04:34:02.773973248,sharp-meter-304,dev-33439
374,64.625,679,2023-07-17 00:40:43.495088896,sharp-tracker-657,dev-80552
375,64.625,679,2023-03-07 15:24:02.731462144,tiny-meter-620,dev-96521
376,64.625,679,2023-11-24 05:20:02.450082816,tiny-relay-729,dev-15692
377,64.625,679,2023-12-12 04:35:26.776249088,fast-cam-684,dev-25562
378,64.625,679,2023-10-26 00:17:40.486977792,smart-thermo-568,dev-31525
379,64.625,679,2023-12-02 14:47:27.820220160,tiny-thermo-377,dev-35946
380,64.625,679,2023-11-16 19:16:21.549871616,bright-gateway-377,dev-36514
381,64.625,679,2023-09-23 01:29:21.736274432,fast-thermo-414,dev-68658
382,64.625,679,2023-02-17 03:29:11.506732800,bright-meter-692,dev-68681
383,64.625,679,2023-09-02 01:48:34.615526144,sharp-meter-851,dev-29326
384,64.625,679,2023-09-25 15:06:32.363206656,silent-relay-546,dev-76167
385,64.625,679,2023-12-11 02:29:44.446999040,bright-meter-325,dev-48458
386,64.625,679,2023-03-21 09:07:57.404412160,bright-cam-568,dev-9258
387,64.625,679,2023-06-27 08:54:26.445520384,silent-meter-701,dev-44714
388,64.625,679,2023-06-02 00:20:20.670062336,smart-thermo-399,dev-19892
389,64.625,679,2023-04-03 23:03:28.284262144,fast-relay-386,dev-73161
390,64.625,679,2023-12-23 04:14:42.152909824,smart-relay-759,dev-59587
391,64.625,679,2023-03-25 12:00:48.597641728,tiny-meter-539,dev-6066
392,64.625,679,2023-06-03 09:26:27.482593280,fast-tracker-489,dev-48691
393,64.625,679,2023-07-08 09:06:34.031642624,silent-meter-858,dev-88673
394,64.625,679,2023-04-13 18:44:17.508736512,silent-thermo-111,dev-81888
395,64.625,679,2023-10-25 05:24:57.065518592,tiny-thermo-891,dev-78678
396,64.625,679,2023-01-18 04:33:01.122388736,bright-tracker-798,dev-51840
397,64.625,679,2023-11-25 01:42:39.858793216,sharp-cam-665,dev-41042
398,64.625,679,2023-10-24 08:30:34.654913280,sharp-relay-554,dev-99222
399,64.625,679,2023-04-23 05:09:03.783203840,fast-tracker-326,dev-92798
400,64.625,679,2023-02-15 13:15:00.583811328,bright-cam-535,dev-41559
401,64.625,679,2023-06-19 05:13:13.712672768,sharp-thermo-412,dev-35198
402,64.625,679,2023-05-06 05:45:42.851012608,sharp-meter-563,dev-79142
403,64.625,679,2023-10-31 08:15:05.419417856,sharp-cam-948,dev-88473
404,64.625,679,2023-05-21 04:45:01.178163968,smart-thermo-545,dev-44596
405,64.625,679,2023-05-22 04:32:24.888208128,sharp-thermo-803,dev-14884
406,64.625,679,2023-02-13 16:48:35.869664768,bright-tracker-783,dev-11044
407,64.625,679,2023-07-08 06:01:28.321785856,bright-tracker-973,dev-15444
408,0.0,0,2023-03-24 15:04:17.864952064,smart-tracker-432,dev-97822
409,0.0,0,2023-06-12 05:29:07.427109888,smart-tracker-617,dev-70134
410,0.0,0,2023-09-27 21:36:33.153659136,bright-cam-279,dev-74338
411,0.0,0,2023-11-15 09:52:37.839862528,sharp-cam-649,dev-78071
412,0.0,0,2023-01-15 03:12:57.481955328,silent-tracker-959,dev-5304
413,0.0,0,2023-11-15 08:23:53.644076800,bright-relay-325,dev-78165
414,0.0,0,2023-08-27 18:35:54.866650112,silent-relay-227,dev-21052
415,0.0,0,2023-03-08 15:46:34.145996800,tiny-meter-913,dev-87692
416,0.0,0,2023-02-02 22:01:16.823736064,bright-relay-153,dev-51844
417,0.0,0,2023-06-27 18:32:03.083629056,bright-meter-818,dev-72457
418,0.0,0,2023-03-21 01:29:47.447650048,silent-tracker-586,dev-98751
419,0.0,0,2023-12-01 23:41:56.948815616,silent-gateway-903,dev-40285
420,0.0,0,2023-03-19 01:10:27.732609024,silent-meter-463,dev-51729
421,0.0,0,2023-04-27 23:16:13.245683968,tiny-cam-653,dev-76020
422,0.0,0,2023-04-27 05:41:40.770546688,sharp-relay-405,dev-94018
423,0.0,0,2023-03-05 19:28:28.565716224,tiny-cam-873,dev-64359
424,0.0,0,2023-12-15 09:09:55.195708160,tiny-gateway-866,dev-10865
425,0.0,0,2023-04-19 23:33:55.216088320,smart-gateway-391,dev-47171
426,0.0,0,2023-06-24 07:35:41.998345216,bright-gateway-877,dev-93884
427,0.0,0,2023-06-22 15:14:11.034664704,tiny-relay-848,dev-26827
428,0.0,0,2023-11-08 01:53:43.194974464,bright-relay-802,dev-95404
429,0.0,0,2023-10-28 22:18:12.684990976,silent-thermo-454,dev-82467
430,0.0,0,2023-11-14 07:02:10.901164800,bright-relay-984,dev-53184
431,0.0,0,2023-09-30 19:53:03.490374144,sharp-gateway-599,dev-92089
432,0.0,0,2023-03-28 07:19:35.286609408,fast-tracker-539,dev-24240
433,0.0,0,2023-08-09 20:42:35.697115392,fast-relay-447,dev-20974
434,0.0,0,2023-02-27 12:13:15.721872896,bright-thermo-257,dev-51871
435,0.0,0,2023-09-23 09:11:42.291475712,fast-tracker-391,dev-21411
436,0.0,0,2023-05-24 20:10:05.964488192,fast-cam-448,dev-35711
437,0.0,0,2023-05-23 15:43:35.435939328,sharp-thermo-256,dev-86598
438,0.0,0,2023-09-16 20:15:48.791647232,sharp-relay-886,dev-48382
439,0.0,0,2023-06-27 08:49:52.915258624,sharp-tracker-771,dev-40981
440,0.0,0,2023-01-15 16:19:41.751010816,smart-gateway-358,dev-99864
441,0.0,0,2023-05-21 10:02:11.453372672,silent-cam-620,dev-30103
442,0.0,0,2023-06-29 14:55:29.815124992,silent-gateway-253,dev-94906
443,0.0,0,2023-10-09 05:59:33.916837888,sharp-relay-179,dev-84794
444,0.0,0,2023-04-22 00:24:17.555060992,bright-relay-278,dev-48588
445,0.0,0,2023-08-25 21:34:06.334014720,tiny-tracker-940,dev-63320
446,0.0,0,2023-06-16 05:02:51.397007104,silent-gateway-801,dev-94973
447,0.0,0,2023-12-23 13:21:41.823234560,sharp-gateway-574,dev-38820
448,0.0,0,2023-12-28 03:16:13.517584640,silent-cam-227,dev-74720
449,0.0,0,2023-01-13 01:18:48.512563456,tiny-thermo-656,dev-22353
450,0.0,0,2023-06-24 10:42:48.086997248,smart-meter-753,dev-86931
451,0.0,0,2023-08-14 06:59:13.094439168,sharp-cam-654,dev-49163
452,0.0,0,2023-08-19 03:57:51.237559296,sharp-thermo-913,dev-16976
453,0.0,0,2023-01-29 05:07:19.686043904,fast-meter-906,dev-11755
454,0.0,0,2023-05-03 17:49:47.130055936,bright-relay-294,dev-38792
455,0.0,0,2023-04-26 02:48:05.214052096,silent-relay-526,dev-79524
456,0.0,0,2023-12-14 05:11:41.890438400,silent-cam-893,dev-59252
457,0.0,0,2023-02-02 04:13:31.268107776,tiny-tracker-312,dev-1065
458,0.0,0,2023-09-10 13:01:49.444057088,silent-thermo-519,dev-22748
459,0.0,0,2023-05-17 06:36:11.949481216,smart-thermo-526,dev-40138
460,0.0,0,2023-03-29 00:55:22.887763456,smart-relay-784,dev-2520
461,0.0,0,2023-09-27 12:33:11.141456896,smart-relay-366,dev-35240
462,0.0,0,2023-04-18 16:58:25.568877312,silent-tracker-721,dev-31316
463,0.0,0,2023-04-25 06:15:59.013126912,fast-cam-541,dev-91533
464,0.0,0,2023-03-21 10:37:36.185785856,silent-gateway-266,dev-26884
465,0.0,0,2023-07-17 09:39:52.341855232,sharp-tracker-215,dev-56155
466,0.0,0,2023-07-30 16:47:34.560178688,sharp-relay-933,dev-70157
467,0.0,0,2023-01-09 19:18:28.839729664,silent-meter-661,dev-35779
468,0.0,0,2023-10-16 11:47:52.523661056,tiny-thermo-324,dev-43935
469,0.0,0,2023-01-11 06:51:09.445366784,silent-meter-182,dev-2904
470,0.0,0,2023-09-02 21:24:17.352455168,sharp-gateway-446,dev-12102
471,0.0,0,2023-12-16 12:26:46.002008320,fast-meter-313,dev-92691
472,0.0,0,2023-11-13 13:31:00.427076864,bright-meter-683,dev-40197
473,0.0,0,2023-07-08 04:09:18.655106816,bright-meter-539,dev-67942
474,0.0,0,2023-07-10 11:11:35.028281088,fast-tracker-312,dev-12204
475,0.0,0,2023-04-21 15:01:09.566527744,silent-thermo-537,dev-22199
476,0.0,0,2023-04-15 10:44:13.808624384,fast-meter-189,dev-37222
477,0.0,0,2023-10-13 01:29:08.663468032,sharp-cam-846,dev-32027
478,0.0,0,2023-12-24 17:27:51.758504704,smart-cam-714,dev-34055
479,0.0,0,2023-11-18 22:06:46.301900800,bright-tracker-242,dev-41355
480,0.0,0,2023-10-14 02:10:27.949213696,sharp-cam-245,dev-8956
481,0.0,0,2023-10-28 05:57:24.923148032,sharp-tracker-540,dev-76254
482,0.0,0,2023-04-04 17:59:58.951412480,sharp-relay-806,dev-12181
483,0.0,0,2023-11-10 17:59:19.321934080,tiny-gateway-203,dev-76773
484,0.0,0,2023-10-23 11:42:39.292142080,bright-meter-619,dev-14644
485,0.0,0,2023-01-05 00:28:49.391086336,smart-cam-731,dev-32183
486,0.0,0,2023-12-15 09:15:49.195754240,sharp-gateway-403,dev-33756
487,0.0,0,2023-05-27 11:14:05.600767488,tiny-thermo-449,dev-73782
488,0.0,0,2023-08-09 23:44:19.377687296,fast-cam-206,dev-90316
489,0.0,0,2023-02-10 18:10:36.558649856,bright-relay-111,dev-89881
490,0.0,0,2023-12-24 21:32:21.163897088,smart-cam-640,dev-86564
491,0.0,0,2023-08-11 02:24:21.621242624,silent-tracker-206,dev-48644
492,0.0,0,2023-01-28 03:31:25.777569280,sharp-gateway-931,dev-30670
493,0.0,0,2023-08-10 10:09:55.832476160,sharp-gateway-557,dev-76440
494,0.0,0,2023-10-06 20:47:05.646954752,fast-meter-494,dev-39431
495,0.0,0,2023-10-11 05:02:03.791781632,tiny-cam-437,dev-33671
496,0.0,0,2023-05-08 11:55:12.109203200,silent-gateway-844,dev-47054
497,0.0,0,2023-10-29 15:09:33.826018048,fast-tracker-715,dev-40301
498,0.0,0,2023-06-19 14:23:07.602891264,smart-thermo-874,dev-16145
499,0.0,0,2023-09-27 13:15:14.338859008,tiny-thermo-212,dev-77891
500,0.0,0,2023-05-03 01:30:26.631936512,silent-gateway-195,dev-93818
501,0.0,0,2023-02-22 10:18:13.541627136,silent-meter-788,dev-95515
502,0.0,0,2023-10-09 15:17:37.797355008,silent-meter-292,dev-59105
503,64.625,679,2023-03-20 14:18:10.607167744,sharp-relay-463,dev-83093
504,64.625,679,2023-11-06 06:41:31.304132608,tiny-cam-327,dev-52445
505,64.625,679,2023-07-31 08:25:28.386083840,silent-thermo-414,dev-77242
506,64.625,679,2023-11-14 21:22:16.212459520,smart-tracker-532,dev-39109
507,64.625,679,2023-01-22 17:17:15.537037312,silent-gateway-454,dev-4694
508,64.625,679,2023-07-13 06:03:05.428040704,fast-relay-672,dev-30913
509,64.625,679,2023-07-01 02:41:19.603272704,sharp-meter-820,dev-58178
510,4.6,23,2023-02-13 15:23:45.415826688,fast-cam-914,dev-96533
511,3.28571428571429,23,2023-12-22 02:46:16.768073984,silent-tracker-308,dev-76051
512,64.625,679,2023-11-19 21:14:32.560047872,sharp-thermo-295,dev-54207
513,64.625,679,2023-03-03 05:32:50.721923328,smart-relay-138,dev-5430
514,64.625,679,2023-01-05 13:34:45.406774272,smart-relay-643,dev-52837
515,64.625,679,2023-08-07 06:08:28.533333504,smart-thermo-561,dev-62900
516,64.625,679,2023-03-06 20:18:26.326085632,tiny-meter-872,dev-230
517,64.625,679,2023-08-07 14:00:08.564163584,bright-meter-670,dev-83327
518,64.625,679,2023-10-18 19:26:51.649104896,bright-meter-493,dev-79032
519,64.625,679,2023-08-16 18:41:04.836928000,fast-relay-896,dev-10459
520,64.625,679,2023-06-03 07:43:34.423610880,tiny-cam-240,dev-3628
521,64.625,679,2023-02-05 23:02:30.644723200,fast-thermo-203,dev-20801
522,64.625,679,2023-09-02 19:43:02.937114368,sharp-cam-745,dev-70287
523,64.625,679,2023-06-13 13:14:10.592921344,smart-tracker-744,dev-34621
524,64.625,679,2023-12-05 02:32:55.217029632,bright-meter-482,dev-52798
525,64.625,679,2023-08-13 07:10:24.873901824,smart-thermo-280,dev-77079
526,64.625,679,2023-09-30 07:21:54.566786304,tiny-tracker-894,dev-58008
527,64.625,679,2023-01-23 20:42:59.283491840,sharp-cam-165,dev-97951
528,64.625,679,2023-05-18 07:18:49.833795840,silent-relay-721,dev-14424
529,64.625,679,2023-11-09 02:35:48.263447296,fast-cam-118,dev-48586
530,64.625,679,2023-01-31 01:30:03.237725440,fast-gateway-972,dev-80133
531,64.625,679,2023-04-24 12:31:01.480131072,silent-relay-461,dev-83457
532,64.625,679,2023-03-02 16:33:20.997113088,smart-relay-248,dev-18764
533,64.625,679,2023-04-17 13:25:40.248785920,smart-cam-564,dev-66241
534,64.625,679,2023-12-12 02:05:24.506443520,smart-relay-736,dev-40496
535,64.625,679,2023-04-26 19:22:46.029535744,sharp-relay-213,dev-2248
536,64.625,679,2023-04-12 03:57:32.220501248,bright-tracker-511,dev-76569
537,64.625,679,2023-08-12 09:41:31.260954880,smart-tracker-269,dev-23513
538,64.625,679,2023-06-09 01:04:09.214532864,tiny-gateway-744,dev-29318
539,64.625,679,2023-07-22 19:26:25.977586688,tiny-cam-469,dev-13764
540,64.625,679,2023-11-26 01:46:55.337015552,smart-thermo-698,dev-69709
541,12.5,25,2023-07-17 14:56:07.600120576,fast-thermo-623,dev-7173
542,64.625,679,2023-05-06 14:18:35.496555776,silent-tracker-786,dev-7313
543,64.625,679,2023-09-30 08:00:14.056248576,bright-relay-599,dev-26471
544,50.7777777777778,679,2023-11-13 21:08:35.682319872,bright-cam-137,dev-63705
545,64.625,679,2023-01-30 03:08:40.976022784,silent-gateway-550,dev-90008
546,40.7364341085271,679,2023-07-04 17:15:02.185794560,tiny-thermo-700,dev-85697
547,64.625,679,2023-04-10 04:43:32.552615680,bright-cam-783,dev-83918
548,64.625,679,2023-09-06 19:26:44.279603200,silent-cam-330,dev-9063
549,64.625,679,2023-11-08 13:47:46.504254464,sharp-relay-944,dev-57390
550,64.625,679,2023-01-19 20:30:05.862042624,bright-meter-155,dev-88248
551,64.625,679,2023-07-05 05:01:18.407421184,sharp-meter-930,dev-37545
552,64.625,679,2023-01-26 10:11:09.821883136,sharp-relay-424,dev-26917
553,64.625,679,2023-12-09 11:46:27.893790464,tiny-tracker-644,dev-15213
554,64.625,679,2023-05-11 10:28:43.853891328,smart-relay-849,dev-49711
555,64.625,679,2023-08-29 12:39:08.101005824,tiny-cam-520,dev-93323
556,64.625,679,2023-06-22 20:08:52.679232768,sharp-tracker-807,dev-76038
557,64.625,679,2023-01-11 11:24:44.819792896,smart-tracker-161,dev-8566
558,64.625,679,2023-02-25 03:55:12.744706816,tiny-tracker-655,dev-58035
559,64.625,679,2023-05-15 06:30:34.846065664,smart-thermo-937,dev-65689
560,64.625,679,2023-10-03 06:22:10.555439616,smart-cam-969,dev-88642
561,64.625,679,2023-02-20 06:16:10.682409472,silent-gateway-692,dev-58211
562,64.625,679,2023-12-10 03:28:40.875543296,tiny-relay-619,dev-11478
563,64.625,679,2023-03-12 02:28:42.423038976,sharp-relay-549,dev-98936
564,64.625,679,2023-06-07 03:04:57.967963648,bright-cam-706,dev-96737
565,64.625,679,2023-09-02 00:06:17.579121152,smart-gateway-164,dev-54570
566,64.625,679,2023-06-08 04:16:09.707500544,bright-thermo-280,dev-6496
567,64.625,679,2023-03-16 02:07:08.134732800,tiny-meter-437,dev-90803
568,64.625,679,2023-10-27 11:00:23.632560128,smart-meter-391,dev-37269
569,64.625,679,2023-10-11 10:34:30.979542272,tiny-tracker-717,dev-89316
570,64.625,679,2023-01-10 00:37:44.943029760,sharp-cam-458,dev-62170
571,64.625,679,2023-07-17 19:03:52.670562304,fast-thermo-548,dev-7351
572,64.625,679,2023-08-23 00:49:38.303438592,fast-relay-100,dev-99258
573,64.625,679,2023-01-04 13:40:20.475570944,bright-meter-662,dev-97717
574,64.625,679,2023-02-18 09:13:35.828866304,smart-meter-240,dev-95496
575,64.625,679,2023-09-13 02:27:07.750244352,smart-meter-169,dev-11289
576,64.625,679,2023-05-20 21:46:57.589963008,tiny-tracker-722,dev-30009
577,64.625,679,2023-11-27 08:32:15.340694784,bright-relay-840,dev-31993
578,64.625,679,2023-09-29 04:23:20.819978496,smart-relay-882,dev-28421
579,64.625,679,2023-10-31 20:10:04.816100864,bright-cam-796,dev-98221
580,64.625,679,2023-11-15 18:54:42.739691520,tiny-thermo-524,dev-99036
581,64.625,679,2023-11-06 19:25:35.258654208,bright-gateway-456,dev-21013
582,64.625,679,2023-12-29 01:24:06.094147328,bright-thermo-590,dev-76388
583,64.625,679,2023-08-19 23:27:37.502293248,silent-thermo-239,dev-3751
584,64.625,679,2023-02-14 03:00:24.633636352,smart-relay-147,dev-37946
585,64.625,679,2023-01-18 21:10:50.062251520,tiny-tracker-665,dev-61432
586,64.625,679,2023-04-02 13:54:58.226447360,bright-gateway-428,dev-51023
587,64.625,679,2023-08-08 03:38:26.007716608,fast-relay-733,dev-35466
588,64.625,679,2023-01-05 01:00:59.054971648,silent-relay-195,dev-50524
589,64.625,679,2023-07-21 18:11:19.514081536,tiny-relay-842,dev-48811
590,64.625,679,2023-08-18 10:24:50.145260800,silent-cam-401,dev-14859
591,64.625,679,2023-08-17 20:28:03.696254976,sharp-gateway-174,dev-48542
592,64.625,679,2023-12-21 00:36:12.790769664,silent-cam-804,dev-12259
593,35.9411764705882,679,2023-02-07 02:47:03.144976128,tiny-gateway-866,dev-10865
594,64.625,679,2023-04-07 19:40:06.587587328,smart-cam-472,dev-26334
595,64.625,679,2023-10-05 09:30:42.065521152,fast-relay-672,dev-30913
596,64.625,679,2023-04-26 09:11:49.562120704,smart-meter-846,dev-27954
597,17.3333333333333,52,2023-06-24 06:58:44.291543296,silent-gateway-425,dev-85865
598,64.625,679,2023-06-04 13:53:46.686081536,smart-cam-853,dev-42314
599,64.625,679,2023-09-27 03:44:41.447850496,sharp-tracker-156,dev-51687
600,64.625,679,2023-06-23 06:42:24.742801920,bright-relay-195,dev-38805
601,64.625,679,2023-12-04 05:15:18.953496320,tiny-gateway-172,dev-56534
602,64.625,679,2023-08-09 23:06:30.665567488,tiny-cam-421,dev-3678
603,26.7,267,2023-06-14 03:08:54.160803840,smart-thermo-468,dev-81641
604,64.625,679,2023-02-17 14:26:13.931664128,tiny-tracker-932,dev-43282
605,64.625,679,2023-02-07 14:53:59.176674048,silent-cam-923,dev-91969
606,64.625,679,2023-04-28 02:32:54.232589824,smart-cam-608,dev-43095
607,64.625,679,2023-02-23 11:39:50.887213312,silent-gateway-270,dev-41116
608,64.625,679,2023-08-12 19:55:59.710714368,sharp-thermo-328,dev-18094
609,64.625,679,2023-05-22 09:00:50.053039616,silent-tracker-911,dev-40681
610,64.625,679,2023-10-28 06:51:05.448977408,silent-relay-757,dev-22657
611,64.625,679,2023-09-29 12:21:52.871984640,tiny-tracker-708,dev-8055
612,0.0,0,2023-04-05 07:28:05.027040512,bright-gateway-173,dev-42044
613,26.8,268,2023-11-15 02:17:41.469776384,sharp-gateway-928,dev-18700
614,64.625,679,2023-07-29 10:15:42.423831552,silent-cam-989,dev-45444
615,64.625,679,2023-12-19 02:06:18.716864768,silent-tracker-788,dev-49789
616,64.625,679,2023-01-31 20:37:05.102597120,silent-thermo-488,dev-82038
617,0.0,0,2023-09-01 12:19:04.550854912,bright-thermo-592,dev-48560
618,64.625,679,2023-11-16 16:15:17.056837120,tiny-cam-166,dev-45056
619,64.625,679,2023-05-09 11:30:01.147138816,bright-meter-164,dev-50975
620,64.625,679,2023-02-16 12:53:30.895392512,sharp-cam-820,dev-47871
621,64.625,679,2023-01-23 03:28:27.458000640,tiny-meter-491,dev-2942
622,64.625,679,2023-12-03 18:59:15.065243136,sharp-relay-999,dev-46859
623,64.625,679,2023-04-17 19:59:10.739762432,silent-thermo-384,dev-51077
624,64.625,679,2023-02-05 07:22:50.098108416,tiny-relay-472,dev-58267
625,64.625,679,2023-03-20 19:23:46.875194112,sharp-tracker-803,dev-93520
626,27.0,270,2023-01-05 16:38:57.822823680,silent-meter-785,dev-70850
627,64.625,679,2023-03-29 00:37:08.174395136,tiny-tracker-482,dev-91844
628,64.625,679,2023-09-17 04:42:11.414158080,sharp-meter-996,dev-29520
629,64.625,679,2023-11-12 14:03:46.502268160,smart-relay-926,dev-96366
630,64.625,679,2023-07-31 22:23:38.319479552,smart-relay-261,dev-86531
631,64.625,679,2023-07-04 18:30:45.097846784,smart-cam-215,dev-22778
632,64.625,679,2023-05-20 04:17:15.065197056,tiny-meter-736,dev-41945
633,64.625,679,2023-02-22 20:41:16.931844096,silent-meter-266,dev-88018
634,64.625,679,2023-01-30 22:27:19.166736128,fast-meter-274,dev-13829
635,64.625,679,2023-02-18 22:08:40.470488832,tiny-tracker-788,dev-45222
636,64.625,679,2023-10-07 01:36:08.727700736,smart-tracker-491,dev-4583
637,64.625,679,2023-10-09 00:50:21.853526528,silent-cam-734,dev-49881
638,64.625,679,2023-09-11 00:14:00.501519616,tiny-relay-766,dev-23873
639,64.625,679,2023-05-29 16:13:16.761244672,silent-gateway-869,dev-68214
640,64.625,679,2023-05-05 11:02:08.728846848,smart-relay-832,dev-29530
641,64.625,679,2023-01-08 02:15:44.912905216,smart-thermo-899,dev-20981
642,64.625,679,2023-12-04 01:49:52.847372544,silent-tracker-244,dev-93391
643,64.625,679,2023-05-18 05:53:46.558072064,tiny-relay-910,dev-61600
644,64.625,679,2023-06-03 00:38:35.971611904,smart-relay-965,dev-50020
645,64.625,679,2023-03-26 03:58:08.462428672,silent-thermo-364,dev-44633
646,64.625,679,2023-05-04 12:10:53.088677120,tiny-meter-632,dev-79674
647,64.625,679,2023-08-14 17:13:31.875628544,bright-meter-465,dev-19426
648,64.625,679,2023-12-16 14:22:03.420433152,smart-meter-857,dev-87880
649,64.625,679,2023-04-27 23:00:50.325444864,bright-gateway-360,dev-60044
650,64.625,679,2023-12-11 15:44:10.811442688,sharp-meter-249,dev-29239
651,64.625,679,2023-02-17 09:33:11.294648832,smart-relay-263,dev-89933
652,64.625,679,2023-08-24 23:13:36.034836480,sharp-tracker-769,dev-17077
653,64.625,679,2023-03-30 04:09:02.824768768,fast-thermo-767,dev-89058
654,64.625,679,2023-10-23 12:07:21.768924416,smart-meter-355,dev-97560
655,64.625,679,2023-01-25 19:40:30.191230208,smart-meter-993,dev-81494
656,64.625,679,2023-10-23 15:29:05.588154880,fast-gateway-512,dev-45401
657,64.625,679,2023-03-19 00:46:18.866911744,tiny-gateway-693,dev-60734
658,64.625,679,2023-05-14 14:13:33.576954368,bright-thermo-715,dev-74267
659,64.625,679,2023-10-10 13:47:06.318319360,silent-tracker-822,dev-67439
660,64.625,679,2023-07-13 13:28:20.374107392,bright-meter-488,dev-87072
661,64.625,679,2023-10-07 08:05:48.027839232,smart-gateway-391,dev-47171
662,64.625,679,2023-04-24 09:40:46.019277568,tiny-relay-568,dev-52833
663,64.625,679,2023-11-18 02:29:20.096589824,smart-thermo-209,dev-99506
664,64.625,679,2023-06-28 19:51:34.738451200,fast-gateway-719,dev-67555
665,64.625,679,2023-09-06 05:47:19.301105920,fast-relay-624,dev-83225
666,64.625,679,2023-08-13 17:53:34.547225600,bright-relay-946,dev-56956
667,64.625,679,2023-02-02 17:31:18.260012544,fast-cam-980,dev-49884
668,64.625,679,2023-02-24 12:37:19.998539008,sharp-relay-574,dev-54874
669,64.625,679,2023-06-01 20:43:47.943200256,fast-meter-472,dev-29890
670,64.625,679,2023-06-20 19:45:21.303276288,bright-meter-239,dev-89170
671,64.625,679,2023-05-27 03:27:16.078013696,tiny-thermo-585,dev-74092
672,64.625,679,2023-12-19 07:59:48.271877376,fast-cam-449,dev-27780
673,64.625,679,2023-05-01 23:00:34.640940288,bright-meter-661,dev-74879
674,55.875,447,2023-01-24 07:01:20.178238720,silent-relay-203,dev-89629
675,64.625,679,2023-01-01 19:21:19.474821632,sharp-relay-853,dev-57313
676,64.625,679,2023-07-01 22:10:43.625398528,sharp-cam-501,dev-39996
677,64.625,679,2023-01-03 00:26:00.880616704,fast-relay-298,dev-88378
678,64.625,679,2023-05-11 22:17:33.933035264,tiny-relay-704,dev-59809
679,64.625,679,2023-08-14 08:23:59.021967872,sharp-cam-528,dev-57284
680,64.625,679,2023-07-11 22:14:54.496268800,smart-meter-578,dev-74199
681,64.625,679,2023-07-29 23:49:57.448607232,bright-tracker-648,dev-24960
682,64.625,679,2023-01-04 08:00:46.356887296,fast-meter-841,dev-27561
683,64.625,679,2023-10-29 14:34:52.387468544,fast-tracker-701,dev-15801
684,64.625,679,2023-08-04 04:47:14.796182016,fast-meter-163,dev-63281
685,64.625,679,2023-02-04 00:07:09.240623104,smart-meter-811,dev-51194
686,64.625,679,2023-12-10 12:36:45.445467904,smart-cam-152,dev-19502
687,64.625,679,2023-04-16 04:19:25.917000704,sharp-cam-113,dev-4499
688,64.625,679,2023-04-16 01:12:02.783341312,bright-cam-573,dev-25447
689,64.625,679,2023-06-27 20:28:59.297722112,tiny-cam-373,dev-44906
690,64.625,679,2023-05-06 14:55:56.442611200,sharp-thermo-666,dev-32846
691,64.625,679,2023-09-14 19:04:09.493431296,silent-gateway-305,dev-5391
692,64.625,679,2023-05-03 13:58:22.039729920,sharp-tracker-656,dev-62493
693,64.625,679,2023-07-07 08:31:33.821999872,bright-tracker-919,dev-20480
694,64.625,679,2023-04-22 04:04:14.584832000,tiny-meter-981,dev-29467
695,64.625,679,2023-02-18 07:10:02.633816320,sharp-gateway-255,dev-58391
696,64.625,679,2023-09-19 03:57:42.383057408,fast-tracker-297,dev-30474
697,64.625,679,2023-05-24 15:42:39.075282432,smart-cam-886,dev-89142
698,64.625,679,2023-11-17 00:15:07.835153664,silent-meter-129,dev-257
699,64.625,679,2023-04-21 17:44:32.459835904,sharp-relay-364,dev-88165
700,0.0,0,2023-01-25 16:38:01.595450368,sharp-relay-186,dev-24454
701,64.625,679,2023-06-22 06:59:20.531322880,tiny-tracker-944,dev-49028
702,64.625,571,2023-12-02 05:47:48.462941952,tiny-gateway-497,dev-23870
703,64.625,679,2023-08-12 10:19:38.105233408,smart-tracker-132,dev-80753
704,60.530612244898,679,2023-09-24 01:25:22.727739136,fast-meter-869,dev-26815
705,64.625,571,2023-12-02 04:12:56.924039936,silent-relay-791,dev-7322
706,60.530612244898,679,2023-08-06 02:25:52.620764928,sharp-gateway-690,dev-41239
707,64.625,679,2023-06-06 05:43:40.222426880,smart-relay-213,dev-31701
708,52.2307692307692,679,2023-12-01 05:22:01.294064896,fast-tracker-325,dev-18523
709,64.625,571,2023-05-22 11:32:11.190609920,smart-meter-693,dev-41590
710,56.5833333333333,679,2023-06-25 17:00:22.451014912,smart-tracker-113,dev-23973
711,64.625,571,2023-10-21 11:55:45.835441408,silent-gateway-717,dev-95061
712,64.625,679,2023-01-19 11:38:26.982123008,bright-thermo-763,dev-61327
713,64.625,571,2023-08-21 21:16:08.323874816,silent-relay-549,dev-81146
714,56.5833333333333,679,2023-07-30 10:51:20.946909952,tiny-cam-918,dev-13160
715,64.625,571,2023-08-15 09:59:54.691282176,smart-thermo-879,dev-28992
716,56.5833333333333,679,2023-01-31 22:13:45.080720128,sharp-thermo-491,dev-71309
717,64.625,571,2023-04-01 14:28:18.196705536,silent-relay-451,dev-53180
718,52.2307692307692,679,2023-12-07 17:38:17.643094016,bright-gateway-146,dev-96775
719,51.9090909090909,571,2023-10-22 21:44:36.619808000,tiny-meter-638,dev-85355
720,60.530612244898,679,2023-08-11 07:56:06.422280448,tiny-thermo-235,dev-57107
721,64.625,679,2023-01-21 10:45:25.722057472,silent-relay-163,dev-66325
722,60.530612244898,679,2023-02-17 11:45:56.200757760,smart-thermo-768,dev-49304
723,64.625,679,2023-12-29 16:44:48.912789504,smart-gateway-311,dev-16568
724,52.2307692307692,679,2023-02-23 02:45:35.899692288,smart-relay-883,dev-64333
725,64.625,571,2023-02-08 10:09:36.356761344,tiny-gateway-802,dev-30644
726,0.0,0,2023-11-15 03:44:37.127390464,smart-tracker-378,dev-49921
727,64.625,679,2023-08-27 00:52:50.783093760,fast-meter-671,dev-39763
728,64.625,679,2023-09-02 10:30:17.586593024,silent-gateway-273,dev-60594
729,64.625,546,2023-09-18 01:20:58.793273600,fast-meter-782,dev-37815
730,64.625,546,2023-01-19 11:02:20.005709824,silent-tracker-102,dev-97509
731,64.625,679,2023-01-04 04:14:37.096573696,tiny-relay-646,dev-15917
732,0.0,0,2023-09-03 11:04:11.079199232,smart-meter-102,dev-89594
733,56.5833333333333,679,2023-08-21 20:19:35.931994112,tiny-relay-209,dev-51419
734,64.625,571,2023-07-24 07:01:45.580648192,fast-cam-687,dev-78520
735,52.2307692307692,679,2023-08-24 21:20:04.766946048,tiny-gateway-254,dev-3758
736,64.625,571,2023-04-29 00:16:25.702654720,fast-gateway-931,dev-84238
737,52.2307692307692,679,2023-08-13 00:14:52.776966400,tiny-thermo-416,dev-73948
738,64.625,571,2023-06-30 22:23:03.848700672,sharp-meter-965,dev-83361
739,54.32,679,2023-05-12 11:07:04.363811840,silent-meter-715,dev-96183
740,64.625,571,2023-07-28 19:31:25.794696704,tiny-meter-531,dev-30853
741,54.32,679,2023-12-09 05:57:04.289522688,tiny-cam-160,dev-27754
742,64.625,571,2023-03-23 07:16:45.825538304,fast-thermo-942,dev-24859
743,56.5833333333333,679,2023-11-14 21:47:45.917736704,sharp-relay-944,dev-57390
744,64.625,571,2023-04-20 20:24:50.983048960,fast-relay-966,dev-45012
745,56.5833333333333,679,2023-10-13 08:47:24.523344896,silent-gateway-164,dev-39601
746,64.625,571,2023-08-01 08:21:18.823252736,silent-tracker-627,dev-32265
747,64.625,679,2023-12-10 21:28:00.210443008,silent-meter-509,dev-79112
748,64.625,571,2023-03-23 17:25:16.925794560,sharp-tracker-270,dev-893
749,64.625,679,2023-04-09 01:42:59.300067328,silent-meter-843,dev-28780
750,64.625,571,2023-12-27 09:08:12.816638976,smart-relay-955,dev-67029
751,56.5833333333333,679,2023-06-03 12:13:50.310615040,silent-cam-299,dev-10696
752,64.625,571,2023-08-14 20:15:33.000685312,smart-tracker-192,dev-69283
753,56.5833333333333,679,2023-10-03 01:42:46.825393408,silent-meter-704,dev-80870
754,56.5833333333333,679,2023-04-21 18:57:48.417335296,fast-thermo-322,dev-60031
755,64.625,571,2023-06-11 20:30:24.572052992,sharp-cam-804,dev-12617
756,54.52,679,2023-08-09 06:52:04.575622400,tiny-meter-120,dev-56857
757,64.625,571,2023-09-12 13:06:24.756625664,fast-relay-652,dev-55472
758,56.5833333333333,679,2023-01-08 08:25:09.844810240,bright-relay-836,dev-84988
759,64.625,571,2023-09-27 19:25:11.510924032,fast-cam-604,dev-76570
760,54.52,679,2023-07-05 00:22:16.908102656,sharp-relay-538,dev-25548
761,64.625,571,2023-03-23 08:16:22.066753024,smart-meter-799,dev-71731
762,56.5833333333333,679,2023-03-03 23:39:48.640858624,fast-gateway-839,dev-96840
763,64.625,571,2023-06-18 04:59:40.728497152,silent-tracker-424,dev-61395
764,0.0,0,2023-03-04 20:59:51.459070208,sharp-gateway-631,dev-77596
765,64.625,679,2023-07-15 14:39:49.243255296,smart-meter-985,dev-72000
766,64.625,546,2023-09-22 05:57:22.640619520,tiny-thermo-524,dev-99036
767,64.625,571,2023-10-10 21:05:15.406582528,sharp-tracker-331,dev-2668
768,56.5833333333333,679,2023-04-16 19:03:35.737767936,silent-gateway-584,dev-32268
769,56.5833333333333,679,2023-11-05 07:49:14.679435776,fast-meter-834,dev-38239
770,64.625,571,2023-05-17 02:02:24.297462272,fast-tracker-699,dev-97987
771,52.2307692307692,679,2023-08-25 23:03:40.365037056,smart-thermo-518,dev-54305
772,64.625,571,2023-11-03 16:35:32.824968448,sharp-cam-427,dev-94475
773,64.625,679,2023-07-09 16:03:00.875596288,sharp-gateway-147,dev-4233
774,64.625,571,2023-12-17 03:33:27.904861184,fast-thermo-981,dev-8453
775,52.2307692307692,679,2023-03-31 03:41:03.643984384,silent-tracker-767,dev-12185
776,51.9090909090909,571,2023-03-09 15:19:28.837123328,sharp-cam-727,dev-83744
777,64.625,679,2023-09-08 10:41:28.047210240,smart-meter-793,dev-55787
778,64.625,679,2023-05-21 05:47:21.640642560,fast-gateway-971,dev-58254
779,56.5833333333333,679,2023-03-18 07:44:27.363787008,sharp-relay-529,dev-91772
780,64.625,571,2023-10-20 16:34:06.700676352,smart-cam-171,dev-32168
781,56.5833333333333,679,2023-03-26 05:29:48.658503680,bright-tracker-467,dev-14180
782,64.625,571,2023-05-08 14:47:18.020411392,bright-gateway-611,dev-91070
783,56.5833333333333,679,2023-06-07 00:39:32.078311680,tiny-gateway-779,dev-58807
784,64.625,571,2023-04-12 10:31:06.190415616,smart-thermo-118,dev-28506
785,64.625,679,2023-02-19 02:52:11.206952192,smart-gateway-911,dev-75729
786,64.625,571,2023-07-16 18:35:55.132645888,smart-thermo-588,dev-95370
787,52.2307692307692,679,2023-12-12 16:26:18.866018816,fast-tracker-847,dev-76551
788,64.625,571,2023-05-23 02:18:50.491387392,sharp-cam-587,dev-20056
789,56.5833333333333,679,2023-06-21 03:41:08.415940608,fast-tracker-902,dev-631
790,64.625,571,2023-04-23 17:12:52.545016576,silent-meter-568,dev-68589
791,64.625,679,2023-10-19 23:07:15.706845696,sharp-relay-782,dev-82953
792,64.625,571,2023-08-13 19:18:17.900755968,sharp-gateway-746,dev-72108
793,56.5833333333333,679,2023-10-19 05:13:16.338199552,fast-relay-521,dev-88210
794,64.625,571,2023-07-24 00:22:02.259764224,tiny-gateway-130,dev-69019
795,0.0,0,2023-12-19 01:17:22.465871616,tiny-tracker-559,dev-79987
796,64.625,679,2023-03-21 04:07:10.786313216,fast-meter-317,dev-9721
797,64.625,546,2023-10-11 01:48:10.387867904,fast-thermo-817,dev-90917
798,64.625,571,2023-09-13 21:26:32.640392192,smart-thermo-654,dev-33113
799,52.2307692307692,679,2023-01-06 01:12:38.977305344,silent-tracker-433,dev-88596
800,0.0,0,2023-05-05 03:28:37.762670848,tiny-cam-855,dev-29288
801,0.0,0,2023-11-08 05:25:19.730905856,fast-gateway-844,dev-38067
802,0.0,0,2023-05-18 14:04:31.782254336,smart-tracker-214,dev-2016
803,0.0,0,2023-05-08 15:31:28.508829440,smart-meter-948,dev-67843
804,0.0,0,2023-08-08 02:55:50.754691072,smart-gateway-748,dev-10267
805,0.0,0,2023-06-09 02:11:02.545266688,fast-gateway-345,dev-51078
806,0.0,0,2023-03-31 23:54:47.716633856,smart-thermo-720,dev-63995
807,0.0,0,2023-10-23 09:43:23.518187776,smart-cam-843,dev-98276
808,0.0,0,2023-01-07 00:24:32.180727040,fast-relay-980,dev-70981
809,0.0,0,2023-06-17 17:21:22.352530432,silent-gateway-998,dev-68312
810,0.0,0,2023-01-25 16:54:11.364349184,bright-meter-564,dev-15847
811,0.0,0,2023-04-18 06:41:04.341098752,sharp-relay-193,dev-81717
812,0.0,0,2023-09-09 12:22:28.389112576,sharp-tracker-383,dev-64781
813,0.0,0,2023-08-18 15:10:27.816060928,bright-gateway-559,dev-87718
814,0.0,0,2023-07-20 21:07:27.923057152,bright-meter-792,dev-26690
815,0.0,0,2023-09-21 06:03:56.429028608,fast-meter-907,dev-65112
816,0.0,0,2023-08-08 19:33:50.241442048,smart-gateway-543,dev-17339
817,0.0,0,2023-10-30 14:13:31.634076928,sharp-gateway-730,dev-93434
818,0.0,0,2023-03-21 00:17:04.481255936,tiny-thermo-803,dev-47432
819,0.0,0,2023-08-17 05:49:57.721392128,tiny-gateway-723,dev-69981
820,0.0,0,2023-06-15 22:17:48.568696064,silent-cam-782,dev-81184
821,0.0,0,2023-07-26 10:18:26.177659904,silent-gateway-102,dev-1765
822,0.0,0,2023-12-06 15:30:50.833350912,fast-cam-570,dev-84182
823,0.0,0,2023-09-14 14:41:15.777676544,fast-thermo-136,dev-9747
824,0.0,0,2023-06-05 02:49:33.594266624,fast-relay-844,dev-51532
825,0.0,0,2023-04-18 11:27:37.981750272,bright-thermo-918,dev-6785
826,0.0,0,2023-06-06 17:13:12.379538944,tiny-gateway-336,dev-99241
827,0.0,0,2023-11-08 13:50:26.329102848,silent-meter-438,dev-83979
828,0.0,0,2023-08-13 14:05:42.143025408,sharp-gateway-812,dev-4155
829,0.0,0,2023-08-15 10:55:19.623330048,fast-gateway-334,dev-78780
830,0.0,0,2023-08-10 04:47:25.095126016,silent-gateway-349,dev-21990
831,0.0,0,2023-08-01 05:41:05.585970432,silent-tracker-112,dev-72179
832,0.0,0,2023-05-22 20:16:45.399134976,silent-relay-805,dev-16435
833,0.0,0,2023-01-29 15:34:47.600194304,sharp-thermo-234,dev-35398
834,0.0,0,2023-06-30 16:22:59.189652736,sharp-relay-658,dev-80926
835,0.0,0,2023-09-05 09:46:03.320385536,fast-cam-937,dev-77970
836,0.0,0,2023-03-05 11:57:24.079102208,smart-gateway-535,dev-55695
837,0.0,0,2023-12-05 13:55:50.951017728,silent-cam-442,dev-93430
838,0.0,0,2023-05-25 00:40:18.631358208,bright-thermo-968,dev-24362
839,0.0,0,2023-10-15 19:52:36.418003712,silent-cam-247,dev-96601
840,0.0,0,2023-04-27 11:44:35.994780672,silent-gateway-528,dev-11098
841,0.0,0,2023-12-21 23:36:01.205052928,sharp-cam-852,dev-5379
842,0.0,0,2023-07-13 22:55:58.495094272,bright-tracker-199,dev-47216
843,0.0,0,2023-04-22 12:43:24.360502528,tiny-meter-203,dev-2146
844,0.0,0,2023-07-25 21:27:53.650386944,smart-cam-232,dev-41272
845,0.0,0,2023-06-04 12:06:19.532205056,tiny-cam-749,dev-12266
846,0.0,0,2023-01-05 00:25:45.131488512,silent-relay-421,dev-18607
847,0.0,0,2023-09-27 23:15:28.225704448,tiny-thermo-584,dev-36143
848,0.0,0,2023-04-01 00:46:20.913858048,smart-thermo-961,dev-57812
849,0.0,0,2023-09-16 11:01:36.581651712,silent-gateway-496,dev-53772
850,0.0,0,2023-02-27 18:41:35.521079552,smart-gateway-308,dev-84874
851,0.0,0,2023-02-20 16:48:51.658542592,smart-thermo-988,dev-48767
852,0.0,0,2023-03-23 01:10:40.295272960,smart-gateway-330,dev-57851
853,0.0,0,2023-10-24 12:58:25.572283648,silent-gateway-477,dev-71184
854,0.0,0,2023-10-01 05:03:26.666995200,bright-thermo-378,dev-83954
855,0.0,0,2023-11-04 17:02:58.638206720,silent-tracker-193,dev-77263
856,0.0,0,2023-10-12 03:54:18.135738112,tiny-cam-379,dev-90036
857,0.0,0,2023-07-20 03:30:37.658065408,fast-meter-562,dev-97167
858,0.0,0,2023-09-20 21:53:45.187921152,smart-gateway-378,dev-73549
859,0.0,0,2023-12-16 04:51:36.159958784,bright-gateway-870,dev-68548
860,0.0,0,2023-04-24 00:16:57.082493184,bright-relay-846,dev-88879
861,0.0,0,2023-03-30 11:59:54.841572864,tiny-tracker-699,dev-53131
862,0.0,0,2023-08-27 03:38:49.676708608,tiny-thermo-347,dev-65183
863,0.0,0,2023-09-05 22:51:06.646821120,fast-meter-962,dev-6948
864,0.0,0,2023-09-21 15:48:49.659145472,smart-meter-711,dev-97636
865,0.0,0,2023-04-06 17:16:13.189681152,silent-tracker-158,dev-90200
866,0.0,0,2023-07-12 22:19:40.161027328,fast-tracker-933,dev-9535
867,0.0,0,2023-03-30 23:05:06.753379584,smart-tracker-550,dev-50007
868,0.0,0,2023-10-06 02:13:30.748069888,bright-gateway-397,dev-77606
869,0.0,0,2023-07-26 05:06:32.230345216,smart-gateway-151,dev-34763
870,0.0,0,2023-07-11 02:29:36.137910016,silent-tracker-600,dev-79730
871,0.0,0,2023-01-01 03:27:53.302435840,bright-relay-485,dev-60243
872,0.0,0,2023-10-17 06:49:36.624026624,bright-gateway-456,dev-21013
873,0.0,0,2023-09-23 13:56:48.542576128,tiny-cam-952,dev-70741
874,0.0,0,2023-03-28 21:26:26.732398080,bright-meter-628,dev-40505
875,0.0,0,2023-01-10 15:57:47.981194752,tiny-tracker-465,dev-80321
876,0.0,0,2023-06-22 00:41:37.194722304,bright-tracker-113,dev-73659
877,0.0,0,2023-02-23 06:49:01.904213248,fast-thermo-984,dev-29148
878,0.0,0,2023-04-02 22:59:35.982549760,fast-gateway-543,dev-77610
879,0.0,0,2023-05-11 13:26:05.377647104,fast-cam-471,dev-95459
880,0.0,0,2023-01-16 02:25:45.442886144,sharp-tracker-205,dev-65774
881,0.0,0,2023-01-02 18:13:29.702622464,sharp-relay-487,dev-42178
882,0.0,0,2023-03-09 03:20:17.527770624,silent-thermo-147,dev-4674
883,0.0,0,2023-05-02 18:26:41.164136704,silent-cam-293,dev-69758
884,0.0,0,2023-06-27 13:56:17.867228160,silent-gateway-580,dev-77567
885,0.0,0,2023-09-06 12:38:56.435727616,tiny-thermo-662,dev-94280
886,0.0,0,2023-12-26 20:54:34.539569664,tiny-tracker-772,dev-63489
887,0.0,0,2023-05-12 12:46:58.846178560,bright-gateway-184,dev-90771
888,0.0,0,2023-06-26 16:29:33.724985600,tiny-tracker-178,dev-95441
889,0.0,0,2023-09-04 20:42:19.678768384,smart-cam-554,dev-50510
890,0.0,0,2023-12-25 15:04:24.737364480,sharp-tracker-254,dev-68928
891,0.0,0,2023-12-02 13:47:19.185446400,fast-cam-990,dev-5088
892,0.0,0,2023-12-12 17:11:16.096293376,tiny-gateway-511,dev-10979
893,0.0,0,2023-02-02 10:53:18.095880192,tiny-cam-329,dev-15629
894,0.0,0,2023-03-04 21:39:42.167888384,smart-cam-661,dev-37300
895,0.0,0,2023-03-16 14:34:52.659274496,bright-meter-368,dev-75417
896,0.0,0,2023-03-02 03:39:47.856842496,sharp-tracker-453,dev-13604
897,0.0,0,2023-03-07 17:11:01.352832256,silent-tracker-193,dev-77263
898,0.0,0,2023-11-18 14:31:27.749978880,smart-tracker-758,dev-48109
899,0.0,0,2023-03-13 21:37:49.116288768,tiny-relay-569,dev-62896
900,0.0,0,2023-03-29 17:54:49.483772160,fast-meter-123,dev-22894
901,0.0,0,2023-01-05 01:28:10.227226624,tiny-gateway-521,dev-61397
902,0.0,0,2023-05-19 22:00:13.363577856,silent-thermo-822,dev-18365
903,0.0,0,2023-01-15 10:37:35.884797184,smart-relay-322,dev-89129
904,0.0,0,2023-02-15 23:36:19.042326528,fast-thermo-504,dev-1236
905,0.0,0,2023-03-22 21:02:51.380800256,tiny-tracker-411,dev-8971
906,0.0,0,2023-09-19 00:37:56.808153088,sharp-relay-361,dev-46113
907,0.0,0,2023-01-08 23:46:52.659157760,bright-tracker-499,dev-96384
908,0.0,0,2023-01-09 20:30:25.695506176,sharp-cam-786,dev-86654
909,0.0,0,2023-06-10 23:01:56.661701376,sharp-gateway-184,dev-69815
910,0.0,0,2023-02-25 08:00:07.404275456,fast-tracker-467,dev-27840
911,0.0,0,2023-09-09 18:32:57.440714496,silent-gateway-989,dev-83760
912,0.0,0,2023-05-17 16:21:38.659612416,sharp-meter-279,dev-28978
913,0.0,0,2023-01-12 21:35:35.927026176,sharp-gateway-663,dev-3643
914,0.0,0,2023-05-31 16:50:09.507247616,tiny-cam-305,dev-2133
915,0.0,0,2023-02-11 04:05:56.098805504,bright-gateway-978,dev-65442
916,0.0,0,2023-02-06 18:44:45.402744320,bright-meter-975,dev-9776
917,0.0,0,2023-04-16 06:29:23.276088576,fast-cam-748,dev-77017
918,0.0,0,2023-05-07 19:16:56.729222656,fast-gateway-389,dev-49606
919,0.0,0,2023-06-21 23:22:16.841151232,tiny-gateway-175,dev-56931
920,0.0,0,2023-05-05 16:03:08.490675712,silent-tracker-595,dev-40906
921,0.0,0,2023-12-14 23:36:25.621550336,sharp-relay-961,dev-86282
922,0.0,0,2023-09-14 07:13:25.472493824,silent-thermo-524,dev-97546
923,0.0,0,2023-12-10 06:19:48.626491392,smart-gateway-326,dev-93714
924,0.0,0,2023-08-31 13:54:39.803858176,smart-thermo-832,dev-29428
925,0.0,0,2023-01-26 08:07:52.633737216,tiny-tracker-895,dev-4672
926,0.0,0,2023-10-27 21:44:52.465759488,sharp-gateway-585,dev-44432
927,0.0,0,2023-08-02 23:45:06.256666880,fast-gateway-724,dev-92492
928,0.0,0,2023-09-27 10:02:02.154120704,bright-thermo-813,dev-77327
929,0.0,0,2023-05-16 20:43:45.856155392,smart-gateway-480,dev-62982
930,0.0,0,2023-05-20 02:46:59.607480832,smart-cam-806,dev-5798
931,0.0,0,2023-07-21 05:36:45.047518464,silent-tracker-758,dev-16525
932,0.0,0,2023-04-25 08:53:45.702544640,silent-gateway-931,dev-89487
933,0.0,0,2023-09-13 14:33:03.598571520,smart-cam-470,dev-96717
934,0.0,0,2023-09-10 10:13:21.277691904,tiny-cam-540,dev-10660
935,0.0,0,2023-01-21 12:21:10.643262976,sharp-thermo-642,dev-18630
936,0.0,0,2023-03-09 06:02:06.806433024,tiny-gateway-646,dev-99259
937,0.0,0,2023-05-19 08:02:49.716862976,sharp-cam-972,dev-99291
938,0.0,0,2023-09-18 05:20:57.376121088,sharp-cam-227,dev-71980
939,0.0,0,2023-05-19 11:13:45.149718784,tiny-cam-991,dev-57923
940,0.0,0,2023-05-04 10:35:52.313525504,smart-relay-627,dev-1605
941,0.0,0,2023-05-22 05:30:40.670439936,smart-tracker-621,dev-84496
942,0.0,0,2023-08-18 05:26:07.446330368,fast-tracker-337,dev-52022
943,0.0,0,2023-02-21 09:22:37.872120576,fast-thermo-323,dev-31484
944,0.0,0,2023-05-30 06:50:00.439985408,sharp-gateway-645,dev-83690
945,0.0,0,2023-09-03 01:52:18.459237888,sharp-cam-212,dev-29458
946,0.0,0,2023-03-10 12:54:34.307218176,smart-cam-699,dev-95591
947,0.0,0,2023-02-23 07:13:01.331008512,sharp-meter-870,dev-49256
948,0.0,0,2023-01-29 14:23:32.291046400,fast-meter-287,dev-5591
949,0.0,0,2023-02-16 04:04:46.017112576,silent-cam-664,dev-77695
950,0.0,0,2023-11-21 19:16:34.683557376,bright-cam-392,dev-95457
951,0.0,0,2023-10-16 14:39:46.182669824,fast-gateway-772,dev-48530
952,0.0,0,2023-07-06 04:39:15.846974976,smart-relay-486,dev-26812
953,0.0,0,2023-01-02 10:16:53.913008640,silent-relay-441,dev-6029
954,0.0,0,2023-08-28 22:50:37.165525248,fast-tracker-885,dev-413
955,0.0,0,2023-07-01 03:11:24.211198720,fast-gateway-475,dev-90185
956,0.0,0,2023-05-09 02:57:03.452076544,tiny-thermo-124,dev-16238
957,0.0,0,2023-01-05 19:51:48.679141120,smart-relay-681,dev-5066
958,0.0,0,2023-04-26 09:28:52.602413312,silent-tracker-410,dev-73151
959,0.0,0,2023-06-16 21:33:43.425912320,sharp-tracker-824,dev-7428
960,0.0,0,2023-01-19 14:32:47.472358144,fast-tracker-269,dev-1432
961,0.0,0,2023-02-04 02:25:33.968048896,sharp-gateway-669,dev-85
962,0.0,0,2023-10-13 00:56:14.265103360,smart-gateway-924,dev-2469
963,0.0,0,2023-10-25 03:21:16.237256960,smart-gateway-675,dev-5914
964,0.0,0,2023-10-15 10:41:03.725923072,sharp-relay-351,dev-11770
965,0.0,0,2023-07-31 20:39:17.668175360,tiny-thermo-549,dev-69428
966,0.0,0,2023-08-15 16:34:43.827134208,fast-cam-341,dev-99050
967,0.0,0,2023-07-21 12:02:42.154384384,fast-meter-725,dev-66213
968,0.0,0,2023-12-22 16:33:56.292784640,bright-thermo-720,dev-97248
969,0.0,0,2023-02-27 19:52:41.188171776,fast-relay-195,dev-1335
970,0.0,0,2023-12-24 23:14:23.347577600,sharp-meter-351,dev-73017
971,0.0,0,2023-01-19 17:35:40.007967232,bright-meter-131,dev-10628
972,0.0,0,2023-07-18 16:22:45.467031040,silent-cam-665,dev-92400
973,0.0,0,2023-02-16 06:30:27.829623552,silent-tracker-438,dev-27638
974,0.0,0,2023-05-22 10:38:37.308161536,fast-meter-454,dev-99889
975,0.0,0,2023-05-04 13:21:44.961023232,silent-cam-123,dev-70219
976,0.0,0,2023-03-12 17:13:09.554675712,tiny-meter-985,dev-44618
977,0.0,0,2023-01-06 17:31:11.026264064,bright-cam-303,dev-43233
978,0.0,0,2023-12-21 18:30:02.859877376,smart-tracker-434,dev-41539
979,0.0,0,2023-05-25 02:52:05.770347520,tiny-gateway-153,dev-48574
980,0.0,0,2023-08-06 03:17:39.741467648,sharp-relay-664,dev-21478
981,0.0,0,2023-09-04 17:50:45.563823360,silent-thermo-289,dev-23351
982,0.0,0,2023-04-22 20:27:56.973544960,fast-tracker-805,dev-90338
983,0.0,0,2023-06-27 09:49:37.782664704,tiny-thermo-329,dev-83635
984,0.0,0,2023-10-27 03:28:00.786631936,bright-relay-693,dev-68461
985,0.0,0,2023-03-26 15:25:56.318517248,fast-gateway-841,dev-17619
986,0.0,0,2023-10-30 11:40:11.587640064,silent-cam-410,dev-60758
987,0.0,0,2023-05-15 17:47:37.151486464,smart-thermo-757,dev-88288
988,0.0,0,2023-03-15 05:00:15.338019584,tiny-gateway-986,dev-30341
989,0.0,0,2023-10-05 19:38:15.237687808,bright-meter-662,dev-97717
990,0.0,0,2023-06-07 01:20:14.021659136,bright-gateway-922,dev-50161
991,0.0,0,2023-12-03 13:26:05.654458880,tiny-relay-880,dev-21537
992,0.0,0,2023-08-04 18:03:06.268712704,fast-thermo-755,dev-62291
993,0.0,0,2023-09-07 03:16:50.967172096,fast-gateway-435,dev-92442
994,0.0,0,2023-04-06 13:04:21.127588864,sharp-tracker-791,dev-84791
995,0.0,0,2023-10-17 22:33:12.497414400,silent-thermo-332,dev-21889
996,0.0,0,2023-10-11 03:05:00.722725376,bright-gateway-559,dev-87718
997,0.0,0,2023-01-29 02:53:57.472827904,smart-cam-505,dev-73264
998,0.0,0,2023-02-01 00:34:23.715654144,fast-cam-721,dev-19264
999,0.0,0,2023-11-06 22:58:27.906004480,fast-relay-328,dev-27795
1000,300.487804878049,12320,2023-01-23 11:29:36.297709056,fast-tracker-495,dev-75796
1001,300.487804878049,12320,2023-05-11 01:09:47.769955328,tiny-cam-135,dev-8645
1002,302.048780487805,12384,2023-07-18 00:48:51.849856000,tiny-thermo-661,dev-91308
1003,302.048780487805,12384,2023-07-04 05:30:25.841387776,bright-gateway-103,dev-99152
1004,279.636363636364,12304,2023-06-09 17:21:24.954502912,tiny-cam-647,dev-55621
1005,286.511627906977,12320,2023-09-27 15:58:55.595758848,tiny-relay-858,dev-74939
1006,0.0,0,2023-03-13 01:16:56.073292288,tiny-cam-944,dev-98748
1007,300.878048780488,12336,2023-09-25 11:59:17.416231424,sharp-tracker-288,dev-55130
1008,280.363636363636,12336,2023-08-06 17:40:46.512630272,tiny-tracker-406,dev-60071
1009,301.268292682927,12352,2023-11-22 23:15:25.072816896,tiny-tracker-370,dev-9268
1010,300.878048780488,12336,2023-09-20 11:45:46.263183872,bright-cam-967,dev-709
1011,377.702702702703,13975,2023-05-01 04:20:12.514819840,silent-gateway-440,dev-78406
1012,302.048780487805,12384,2023-07-22 06:03:38.122775808,tiny-meter-534,dev-59944
1013,300.487804878049,12320,2023-01-20 20:21:57.411542528,smart-meter-390,dev-7896
1014,286.883720930233,12336,2023-06-11 05:31:12.145214464,tiny-gateway-120,dev-13739
1015,377.135135135135,13954,2023-01-17 01:13:43.661313536,silent-gateway-172,dev-88692
1016,300.878048780488,12336,2023-04-17 01:53:04.003735808,bright-meter-846,dev-46283
1017,303.219512195122,12432,2023-09-11 17:56:00.176022272,sharp-tracker-910,dev-94084
1018,301.268292682927,12352,2023-05-08 13:26:21.319337216,fast-relay-305,dev-35443
1019,0.0,0,2023-07-09 12:58:06.205567744,smart-relay-781,dev-64164
1020,300.878048780488,12336,2023-01-26 14:49:14.001351680,smart-gateway-741,dev-20140
1021,302.829268292683,12416,2023-08-29 10:16:24.205786624,silent-relay-956,dev-92667
1022,376.702702702703,13938,2023-05-23 03:13:44.642811392,fast-gateway-267,dev-92315
1023,377.702702702703,13975,2023-04-30 09:55:49.773202688,fast-thermo-491,dev-83368
1024,301.658536585366,12368,2023-07-13 05:53:02.196609280,silent-cam-255,dev-56377
1025,302.439024390244,12400,2023-12-11 23:10:13.167287808,fast-relay-844,dev-51532
1026,218.375,6988,2023-03-01 02:47:24.480131840,smart-meter-860,dev-43227
1027,301.658536585366,12368,2023-05-18 12:09:00.717691136,fast-meter-731,dev-40779
1028,301.268292682927,12352,2023-06-26 18:13:09.353435392,tiny-tracker-609,dev-94083
1029,0.0,0,2023-04-18 19:15:15.097248768,smart-meter-400,dev-95262
1030,300.487804878049,12320,2023-07-22 08:00:05.685819648,fast-meter-141,dev-94163
1031,0.0,0,2023-05-24 18:29:35.524042496,tiny-gateway-460,dev-80365
1032,286.883720930233,12336,2023-12-18 09:25:30.366039296,smart-relay-471,dev-72075
1033,299.707317073171,12288,2023-02-04 06:09:46.026528768,tiny-thermo-638,dev-85773
1034,299.707317073171,12288,2023-04-25 06:12:11.556281088,silent-thermo-272,dev-78610
1035,302.439024390244,12400,2023-03-13 00:32:41.637827840,bright-cam-119,dev-14584
1036,300.09756097561,12304,2023-04-02 06:50:56.143598848,tiny-thermo-839,dev-52163
1037,267.478260869565,12304,2023-06-04 10:09:11.404109824,fast-cam-514,dev-18512
1038,301.658536585366,12368,2023-05-11 11:38:55.320966144,bright-tracker-875,dev-14830
1039,299.707317073171,12288,2023-07-15 06:14:45.367156992,tiny-gateway-780,dev-1857
1040,0.0,0,2023-06-30 13:38:20.087740160,smart-meter-671,dev-92886
1041,302.829268292683,12416,2023-01-14 23:41:57.085174016,silent-thermo-902,dev-98796
1042,376.702702702703,13938,2023-06-25 21:55:23.395766528,silent-tracker-175,dev-3894
1043,377.702702702703,13975,2023-01-22 03:52:35.223268864,tiny-gateway-136,dev-80077
1044,301.658536585366,12368,2023-11-14 00:41:23.717375488,sharp-tracker-179,dev-37889
1045,299.317073170732,12272,2023-11-11 18:53:51.271507712,tiny-gateway-175,dev-56931
1046,300.487804878049,12320,2023-09-25 21:26:53.324027392,smart-gateway-854,dev-6284
1047,278.545454545455,12256,2023-09-24 12:21:46.202002688,silent-cam-391,dev-23407
1048,0.0,0,2023-03-08 15:26:09.341975552,fast-gateway-319,dev-57159
1049,301.658536585366,12368,2023-03-23 01:17:50.413386752,silent-relay-394,dev-31767
1050,280.0,12320,2023-09-24 17:08:13.212857600,fast-thermo-995,dev-912
1051,301.268292682927,12352,2023-01-10 22:56:08.125296384,tiny-relay-327,dev-11751
1052,300.487804878049,12320,2023-03-24 00:41:41.139453440,smart-tracker-359,dev-59792
1053,0.0,0,2023-08-31 13:47:09.280945664,tiny-gateway-129,dev-63281
1054,280.727272727273,12352,2023-12-19 03:46:42.531344128,smart-meter-591,dev-38528
1055,281.818181818182,12400,2023-08-27 19:01:47.190887168,sharp-meter-610,dev-64453
1056,376.405405405405,13927,2023-12-28 12:51:36.424364288,smart-gateway-491,dev-40015
1057,0.0,0,2023-02-24 08:34:59.561987072,smart-meter-937,dev-30332
1058,301.658536585366,12368,2023-05-25 03:10:26.639567616,sharp-meter-288,dev-6731
1059,300.487804878049,12320,2023-09-25 13:44:35.365980928,bright-relay-211,dev-7256
1060,281.818181818182,12400,2023-07-15 00:57:12.596086528,smart-thermo-590,dev-63573
1061,300.878048780488,12336,2023-03-23 22:27:47.385671424,silent-gateway-381,dev-29012
1062,300.878048780488,12336,2023-11-28 01:32:40.413369856,fast-meter-851,dev-31780
1063,300.878048780488,12336,2023-02-18 20:56:47.423494144,bright-cam-422,dev-51000
1064,359.282051282051,14012,2023-02-10 01:37:38.986666240,bright-relay-238,dev-33141
1065,300.487804878049,12320,2023-06-20 01:43:24.809346304,tiny-thermo-393,dev-99478
1066,300.878048780488,12336,2023-08-22 20:13:19.176854016,tiny-tracker-742,dev-79743
1067,300.878048780488,12336,2023-02-15 21:22:10.170230272,sharp-meter-214,dev-55650
1068,288.0,12384,2023-07-24 07:59:03.977767680,fast-thermo-382,dev-11336
1069,301.658536585366,12368,2023-05-10 17:37:37.905302528,tiny-relay-582,dev-72644
1070,301.268292682927,12352,2023-02-20 14:47:56.944142336,fast-cam-115,dev-97848
1071,302.048780487805,12384,2023-05-03 18:54:37.636758528,bright-cam-868,dev-17158
1072,301.268292682927,12352,2023-12-20 13:23:12.553003520,silent-gateway-738,dev-51934
1073,301.268292682927,12352,2023-10-21 01:33:13.557924864,sharp-tracker-737,dev-69353
1074,0.0,0,2023-04-28 21:02:18.217520384,sharp-gateway-682,dev-90093
1075,299.317073170732,12272,2023-03-19 05:46:23.981366528,silent-cam-190,dev-6440
1076,0.0,0,2023-07-31 05:00:47.062437376,smart-relay-442,dev-78469
1077,300.487804878049,12320,2023-09-14 06:22:20.709512192,fast-meter-807,dev-64670
1078,387.611111111111,13954,2023-11-29 07:49:02.499114496,tiny-thermo-459,dev-91027
1079,298.926829268293,12256,2023-08-25 23:35:31.783584512,smart-relay-657,dev-81593
1080,277.913043478261,12784,2023-12-05 13:11:29.341624320,silent-thermo-991,dev-74383
1081,302.829268292683,12416,2023-08-02 05:11:41.335763712,sharp-tracker-490,dev-42998
1082,302.048780487805,12384,2023-12-29 01:41:38.854431488,sharp-meter-946,dev-3144
1083,300.487804878049,12320,2023-05-30 22:17:43.755576576,tiny-tracker-677,dev-13727
1084,301.268292682927,12352,2023-02-23 16:30:44.428354048,tiny-cam-166,dev-45056
1085,286.511627906977,12320,2023-03-21 20:39:32.814462976,sharp-gateway-169,dev-45595
1086,301.658536585366,12368,2023-12-29 11:28:47.962545152,tiny-gateway-270,dev-17492
1087,300.09756097561,12304,2023-10-22 12:31:52.999566592,sharp-cam-359,dev-70131
1088,301.658536585366,12368,2023-07-04 17:15:09.623152640,fast-meter-291,dev-81884
1089,350.0,15400,2023-04-12 15:29:55.904909568,silent-tracker-148,dev-63861
1090,0.0,0,2023-05-03 00:38:09.712461568,tiny-relay-745,dev-6817
1091,299.707317073171,12288,2023-11-21 20:27:29.565881856,fast-relay-571,dev-98441
1092,0.0,0,2023-03-26 06:06:28.116673024,smart-tracker-985,dev-40222
1093,286.139534883721,12304,2023-03-21 14:38:14.815237888,bright-meter-709,dev-81900
1094,387.611111111111,13954,2023-10-07 04:56:09.267021824,tiny-gateway-524,dev-8944
1095,0.0,0,2023-08-21 06:03:22.380876288,silent-tracker-716,dev-96165
1096,303.609756097561,12448,2023-02-14 14:36:38.279565056,silent-tracker-805,dev-87466
1097,299.317073170732,12272,2023-10-21 18:46:43.247534080,smart-gateway-267,dev-70887
1098,301.268292682927,12352,2023-07-14 15:35:14.407245824,tiny-gateway-976,dev-74309
1099,387.166666666667,13938,2023-08-13 18:54:54.478859776,fast-cam-525,dev-25530
1100,0.0,0,2023-03-06 04:26:01.936431104,tiny-meter-187,dev-37843
1101,0.0,0,2023-05-22 13:38:15.105184512,bright-gateway-640,dev-7183
1102,0.0,0,2023-02-23 07:39:46.515654400,smart-relay-208,dev-13991
1103,0.0,0,2023-08-27 08:52:52.363172608,bright-relay-587,dev-48217
1104,0.0,0,2023-12-15 19:32:47.961697536,bright-cam-219,dev-13237
1105,0.0,0,2023-07-27 20:15:53.925579776,smart-relay-132,dev-90036
1106,0.0,0,2023-03-10 15:35:42.446921472,tiny-thermo-255,dev-38744
1107,0.0,0,2023-03-10 11:56:46.137513728,smart-cam-962,dev-41819
1108,0.0,0,2023-05-17 23:41:44.704676608,silent-cam-391,dev-23407
1109,0.0,0,2023-06-26 00:30:49.619799296,smart-cam-723,dev-24153
1110,0.0,0,2023-01-25 06:31:58.721268480,fast-gateway-660,dev-24213
1111,0.0,0,2023-07-03 13:40:24.547901440,bright-meter-296,dev-79575
1112,0.0,0,2023-09-04 01:23:53.172930048,sharp-thermo-858,dev-14362
1113,0.0,0,2023-01-30 10:16:32.349576192,sharp-gateway-452,dev-58829
1114,0.0,0,2023-04-22 02:09:39.683175936,sharp-cam-607,dev-75155
1115,0.0,0,2023-10-27 10:24:33.612669696,smart-cam-120,dev-39778
1116,0.0,0,2023-10-25 09:25:49.066851840,smart-relay-467,dev-9117
1117,0.0,0,2023-06-19 23:44:05.469573888,tiny-gateway-583,dev-86553
1118,0.0,0,2023-02-01 09:41:48.165128448,silent-cam-248,dev-41540
1119,0.0,0,2023-03-30 23:40:33.371921920,bright-thermo-808,dev-49025
1120,0.0,0,2023-11-20 01:55:13.976131840,smart-relay-561,dev-65847
1121,0.0,0,2023-02-03 17:41:41.082626560,bright-thermo-479,dev-56483
1122,0.0,0,2023-10-30 18:00:22.003209216,fast-thermo-307,dev-31672
1123,0.0,0,2023-07-12 11:17:02.513559296,fast-tracker-361,dev-32145
1124,0.0,0,2023-01-14 09:24:37.910352384,smart-relay-533,dev-17813
1125,0.0,0,2023-12-20 02:18:44.781400064,tiny-tracker-554,dev-86268
1126,0.0,0,2023-11-08 16:08:03.058134272,bright-meter-950,dev-1599
1127,0.0,0,2023-08-12 04:47:09.105910784,bright-meter-232,dev-94872
1128,0.0,0,2023-01-12 13:49:29.279721472,smart-thermo-730,dev-62521
1129,0.0,0,2023-10-03 01:45:39.105581056,fast-meter-642,dev-97794
1130,0.0,0,2023-03-27 03:37:40.000396544,smart-relay-208,dev-13991
1131,0.0,0,2023-12-04 21:21:50.470057984,tiny-thermo-771,dev-79562
1132,0.0,0,2023-08-27 23:46:36.511710464,silent-tracker-949,dev-45057
1133,0.0,0,2023-06-02 20:37:04.531892224,sharp-thermo-750,dev-80943
1134,0.0,0,2023-01-31 02:52:58.033690624,tiny-meter-601,dev-71302
1135,0.0,0,2023-10-28 18:16:08.254147840,fast-tracker-274,dev-95786
1136,0.0,0,2023-07-17 23:27:43.967648000,tiny-gateway-240,dev-26753
1137,0.0,0,2023-10-21 09:31:45.957500672,tiny-meter-807,dev-40972
1138,0.0,0,2023-03-29 04:10:44.560001536,bright-gateway-625,dev-15556
1139,0.0,0,2023-03-02 06:30:35.894451712,bright-tracker-598,dev-96460
1140,0.0,0,2023-11-03 07:20:04.325488384,tiny-relay-865,dev-58574
1141,0.0,0,2023-10-18 21:59:38.093144576,smart-meter-128,dev-63031
1142,0.0,0,2023-07-23 05:42:07.663035392,bright-thermo-365,dev-75373
1143,0.0,0,2023-05-07 17:34:00.821318400,silent-thermo-635,dev-93924
1144,0.0,0,2023-10-13 11:43:17.590292224,fast-relay-627,dev-51266
1145,0.0,0,2023-08-04 11:09:18.487965696,smart-cam-358,dev-43699
1146,0.0,0,2023-07-19 07:13:54.433757440,smart-tracker-951,dev-8617
1147,0.0,0,2023-03-02 03:42:00.641914624,bright-cam-150,dev-83456
1148,0.0,0,2023-03-02 16:27:30.385677312,smart-meter-434,dev-79313
1149,0.0,0,2023-01-12 08:32:04.407712256,smart-gateway-792,dev-76006
1150,0.0,0,2023-11-14 04:09:20.198811904,bright-gateway-683,dev-91451
1151,0.0,0,2023-09-13 04:28:32.520204800,sharp-tracker-441,dev-23417
1152,0.0,0,2023-07-06 23:02:08.482338048,fast-gateway-807,dev-11031
1153,0.0,0,2023-11-27 12:45:13.966304768,silent-meter-628,dev-72409
1154,0.0,0,2023-09-03 07:33:31.445300736,sharp-gateway-900,dev-2323
1155,0.0,0,2023-11-07 08:54:31.300491776,tiny-meter-596,dev-29730
1156,0.0,0,2023-10-19 03:08:36.462042368,smart-thermo-122,dev-76086
1157,0.0,0,2023-03-14 14:14:45.896314368,silent-relay-260,dev-23087
1158,0.0,0,2023-04-23 09:14:41.564688384,smart-cam-569,dev-81737
1159,0.0,0,2023-05-09 10:10:50.117514496,smart-tracker-290,dev-47058
1160,0.0,0,2023-08-09 16:20:20.755203328,tiny-thermo-128,dev-9375
1161,0.0,0,2023-04-01 11:59:42.915810560,silent-cam-329,dev-41369
1162,0.0,0,2023-06-06 15:50:04.458457344,tiny-cam-356,dev-33408
1163,0.0,0,2023-05-18 02:34:40.556707584,bright-thermo-159,dev-28705
1164,0.0,0,2023-06-28 18:55:48.327394304,smart-cam-306,dev-32145
1165,0.0,0,2023-04-08 14:24:09.246016000,smart-thermo-314,dev-80652
1166,0.0,0,2023-01-22 21:01:23.421896960,silent-tracker-262,dev-83002
1167,0.0,0,2023-09-28 04:28:54.131636480,bright-tracker-133,dev-60225
1168,0.0,0,2023-04-27 00:10:48.484881152,sharp-cam-391,dev-24359
1169,0.0,0,2023-12-23 04:24:46.840545792,tiny-tracker-442,dev-16236
1170,0.0,0,2023-01-24 17:15:08.339763456,tiny-meter-851,dev-20687
1171,0.0,0,2023-01-07 16:32:59.152391936,silent-gateway-155,dev-40114
1172,0.0,0,2023-06-24 02:14:39.419118080,fast-gateway-471,dev-81795
1173,0.0,0,2023-12-06 17:00:40.039674112,fast-relay-176,dev-79891
1174,0.0,0,2023-03-18 22:15:14.522918144,bright-tracker-532,dev-50693
1175,0.0,0,2023-03-06 22:08:09.501879040,fast-meter-254,dev-45242
1176,0.0,0,2023-04-26 21:18:35.217427968,silent-gateway-180,dev-80749
1177,0.0,0,2023-11-25 03:20:46.167195904,sharp-thermo-352,dev-52570
1178,0.0,0,2023-04-14 02:50:44.091484928,tiny-relay-427,dev-81541
1179,0.0,0,2023-07-15 01:33:18.191046144,smart-thermo-453,dev-76795
1180,0.0,0,2023-03-07 13:18:06.255560704,fast-thermo-743,dev-89429
1181,0.0,0,2023-07-28 04:56:02.755808768,silent-tracker-900,dev-22680
1182,0.0,0,2023-04-23 16:58:41.101694720,sharp-cam-318,dev-30678
1183,0.0,0,2023-02-24 01:48:19.572689664,silent-tracker-145,dev-63764
1184,0.0,0,2023-12-21 02:46:18.968447232,fast-relay-469,dev-62835
1185,0.0,0,2023-11-04 02:44:22.322787072,bright-relay-330,dev-45262
1186,0.0,0,2023-06-01 23:48:11.383527936,tiny-gateway-211,dev-40072
1187,0.0,0,2023-05-02 13:22:39.205105152,tiny-cam-767,dev-84539
1188,0.0,0,2023-05-20 18:25:00.010892032,smart-gateway-325,dev-13572
1189,0.0,0,2023-06-05 22:06:08.289179392,silent-cam-124,dev-79897
1190,0.0,0,2023-09-07 23:45:44.373016576,tiny-meter-270,dev-96325
1191,0.0,0,2023-07-25 13:19:04.498400512,tiny-tracker-730,dev-3277
1192,0.0,0,2023-02-26 05:13:33.073240832,smart-relay-192,dev-3598
1193,0.0,0,2023-12-08 17:28:26.708828160,tiny-thermo-338,dev-67537
1194,0.0,0,2023-01-19 22:50:42.551039488,bright-thermo-186,dev-49067
1195,0.0,0,2023-09-12 10:03:49.168452352,smart-tracker-675,dev-70916
1196,0.0,0,2023-10-24 13:35:02.785158912,tiny-relay-187,dev-15065
1197,0.0,0,2023-08-20 18:58:45.102021632,tiny-thermo-211,dev-28522
1198,0.0,0,2023-07-11 20:30:48.791976448,sharp-thermo-122,dev-25825
1199,0.0,0,2023-11-01 14:43:56.282007808,tiny-gateway-471,dev-46992
1200,29.0740740740741,785,2023-09-26 19:01:43.472484096,smart-cam-736,dev-35955
1201,62.3,623,2023-02-07 06:02:14.147291648,fast-meter-553,dev-33421
1202,57.0218579234973,10435,2023-03-01 07:29:28.233719040,bright-meter-357,dev-21805
1203,267.526315789474,5083,2023-11-13 07:09:34.067093248,fast-relay-702,dev-92851
1204,73.8461538461538,960,2023-11-16 02:48:22.590214912,bright-relay-632,dev-71688
1205,55.1891891891892,2042,2023-02-13 21:19:56.917610752,smart-tracker-767,dev-79009
1206,56.5833333333333,679,2023-01-09 08:37:49.113390592,sharp-meter-152,dev-9769
1207,0.0,0,2023-10-07 01:14:04.537841152,smart-cam-442,dev-10635
1208,56.5833333333333,3395,2023-05-16 20:03:47.917081600,sharp-gateway-817,dev-80161
1209,120.0,960,2023-01-30 10:37:07.690336256,sharp-relay-761,dev-22315
1210,84.0625,1345,2023-02-23 20:22:24.188938240,fast-gateway-794,dev-15874
1211,0.0,0,2023-07-06 11:59:07.323760128,bright-thermo-918,dev-6785
1212,4.46022727272727,785,2023-11-24 02:53:42.517720064,smart-tracker-427,dev-34637
1213,39.25,785,2023-04-10 08:30:14.790063360,silent-gateway-417,dev-88348
1214,59.22,5922,2023-08-30 08:32:40.603696384,sharp-meter-577,dev-20475
1215,0.0,0,2023-04-10 08:54:12.503089664,fast-tracker-331,dev-81931
1216,56.5833333333333,679,2023-07-26 17:15:31.786680320,sharp-cam-332,dev-23330
1217,59.22,5922,2023-11-30 12:32:20.808762624,bright-thermo-697,dev-99588
1218,56.5833333333333,679,2023-05-14 19:47:38.643068160,silent-tracker-997,dev-40800
1219,56.5833333333333,3395,2023-10-17 09:14:59.016092928,tiny-relay-185,dev-73819
1220,52.2307692307692,679,2023-11-11 09:56:13.208385536,smart-cam-513,dev-23961
1221,120.0,960,2023-11-09 06:21:05.319114496,fast-relay-580,dev-15211
1222,60.5769230769231,3150,2023-10-03 12:25:32.093773568,fast-relay-254,dev-26570
1223,80.0,960,2023-06-29 02:01:40.590493696,tiny-gateway-764,dev-19176
1224,56.5833333333333,679,2023-06-01 06:18:22.231216896,bright-meter-611,dev-56311
1225,56.5833333333333,679,2023-02-15 00:29:14.743563776,sharp-meter-764,dev-41909
1226,56.5833333333333,2716,2023-12-11 13:24:53.276888576,smart-relay-385,dev-58533
1227,120.0,960,2023-10-05 06:27:18.755571968,silent-cam-538,dev-38776
1228,120.0,960,2023-05-31 11:54:35.064904704,sharp-tracker-194,dev-50719
1229,56.5833333333333,1358,2023-07-31 15:13:35.357046784,bright-relay-519,dev-3892
1230,56.5833333333333,679,2023-03-18 02:06:34.716999424,bright-thermo-998,dev-97349
1231,60.4285714285714,2961,2023-02-10 13:44:48.932405504,silent-tracker-601,dev-8131
1232,56.5833333333333,679,2023-07-21 00:06:18.248815872,smart-relay-968,dev-99614
1233,0.0,0,2023-11-20 10:08:01.694410240,bright-cam-943,dev-97119
1234,79.6,796,2023-04-23 12:03:33.374097664,silent-cam-746,dev-10827
1235,2.16850828729282,785,2023-10-19 21:48:34.671227136,bright-cam-810,dev-93101
1236,0.0,0,2023-08-22 09:40:11.325269504,fast-thermo-170,dev-69726
1237,60.5769230769231,3150,2023-03-05 06:08:54.014938880,sharp-gateway-189,dev-62015
1238,87.4666666666667,1312,2023-07-01 03:26:24.682495744,sharp-relay-997,dev-44092
1239,0.0,0,2023-05-15 12:33:35.455996672,fast-thermo-511,dev-18138
1240,120.0,960,2023-08-30 17:20:46.910011136,sharp-tracker-622,dev-70962
1241,15.6603773584906,830,2023-12-20 01:36:55.440821504,sharp-gateway-851,dev-41244
1242,57.0218579234973,10435,2023-10-16 17:02:26.788533248,silent-tracker-140,dev-58440
1243,57.0218579234973,10435,2023-02-09 07:33:19.550699776,sharp-meter-837,dev-20261
1244,231.272727272727,5088,2023-02-18 11:01:43.762303232,fast-tracker-578,dev-54966
1245,0.0,0,2023-06-03 02:40:08.609228288,smart-relay-141,dev-38828
1246,0.0,0,2023-12-12 14:20:21.212954624,smart-tracker-335,dev-83296
1247,120.0,960,2023-08-10 08:59:04.190649856,bright-meter-449,dev-80277
1248,62.5,625,2023-11-25 23:17:22.899077120,sharp-tracker-721,dev-4339
1249,0.168817204301075,785,2023-10-09 10:55:29.899769600,tiny-meter-637,dev-91435
1250,0.0,0,2023-12-03 05:02:44.216257792,silent-meter-119,dev-17407
1251,3.55203619909502,785,2023-08-10 20:39:23.174649088,silent-cam-911,dev-66953
1252,59.0434782608696,1358,2023-06-06 11:21:41.638634496,silent-relay-676,dev-81483
1253,54.52,1363,2023-11-27 21:01:05.307561216,sharp-tracker-208,dev-65070
1254,56.5833333333333,679,2023-04-02 15:01:52.867217152,bright-tracker-800,dev-11950
1255,0.037304566839329,785,2023-07-11 04:23:30.076858880,silent-relay-984,dev-1982
1256,120.0,960,2023-04-24 06:33:59.759032832,sharp-cam-795,dev-95592
1257,120.0,960,2023-06-30 11:06:16.217562624,bright-relay-195,dev-38805
1258,120.0,960,2023-01-18 22:42:14.193632000,smart-relay-621,dev-78047
1259,55.1891891891892,2042,2023-08-29 19:41:14.962192384,sharp-gateway-640,dev-2952
1260,120.0,960,2023-01-04 09:51:30.787288064,sharp-cam-530,dev-53944
1261,3.32627118644068,785,2023-03-23 17:36:20.878891264,silent-meter-897,dev-33717
1262,57.0218579234973,10435,2023-08-16 17:32:41.980420096,smart-cam-444,dev-14540
1263,79.6,796,2023-02-27 14:57:20.158669056,silent-meter-395,dev-69839
1264,0.0,0,2023-07-01 13:49:15.493299968,tiny-cam-902,dev-79016
1265,17.0652173913043,785,2023-12-05 00:55:49.554466304,fast-relay-605,dev-71881
1266,59.828125,3829,2023-06-09 02:04:29.994756608,fast-meter-458,dev-81385
1267,79.6,796,2023-05-11 15:52:27.197412864,sharp-relay-366,dev-34620
1268,60.4285714285714,2961,2023-10-22 13:42:12.786731776,tiny-cam-137,dev-84588
1269,1.40681003584229,785,2023-05-08 21:51:53.198604544,silent-tracker-174,dev-68983
1270,56.5833333333333,1358,2023-03-09 06:18:32.997346048,smart-cam-344,dev-63646
1271,56.5833333333333,2716,2023-01-29 21:57:44.048184064,tiny-cam-936,dev-32918
1272,120.0,960,2023-09-05 11:34:29.346156800,fast-relay-538,dev-67452
1273,56.5833333333333,3395,2023-07-04 11:58:29.304468992,sharp-meter-967,dev-3985
1274,1.11414634146341,4568,2023-08-12 23:13:48.514760960,sharp-thermo-835,dev-78288
1275,120.0,960,2023-03-12 15:55:13.197483520,sharp-thermo-286,dev-23521
1276,120.0,960,2023-03-05 09:49:45.216206080,tiny-thermo-288,dev-16440
1277,120.0,960,2023-07-20 01:47:05.126409728,smart-cam-537,dev-11514
1278,0.0,0,2023-12-05 01:04:20.946402816,sharp-relay-857,dev-39333
1279,52.6153846153846,684,2023-06-04 23:06:08.459187712,sharp-tracker-201,dev-2528
1280,2.92820512820513,4568,2023-12-04 04:08:16.174780928,tiny-relay-797,dev-81696
1281,56.5833333333333,679,2023-09-09 04:31:03.646475264,silent-cam-260,dev-25079
1282,56.5833333333333,4753,2023-01-06 14:51:49.777962496,sharp-thermo-403,dev-36859
1283,57.0218579234973,10435,2023-10-02 05:36:55.522238464,bright-relay-187,dev-82028
1284,56.5833333333333,1358,2023-08-17 07:19:21.383967744,tiny-cam-810,dev-79769
1285,120.0,960,2023-01-23 21:56:34.455406848,bright-relay-961,dev-98550
1286,120.0,960,2023-07-27 10:50:25.699732480,silent-relay-611,dev-17882
1287,44.0,440,2023-07-11 02:57:15.382189312,smart-relay-951,dev-21181
1288,59.828125,3829,2023-04-10 04:57:39.593628928,fast-tracker-680,dev-11750
1289,0.0,0,2023-04-01 05:25:00.584235520,sharp-gateway-355,dev-47550
1290,56.5833333333333,679,2023-03-16 04:58:43.137943040,tiny-thermo-544,dev-10359
1291,56.5833333333333,3395,2023-08-21 03:18:35.087072512,fast-cam-588,dev-38394
1292,63.65625,2037,2023-09-20 03:35:49.233716224,tiny-cam-423,dev-46442
1293,54.52,1363,2023-01-18 16:36:52.520227584,tiny-thermo-221,dev-74553
1294,0.0,0,2023-02-02 19:33:19.301955584,silent-tracker-848,dev-86911
1295,120.0,960,2023-02-03 17:25:44.904963072,fast-gateway-873,dev-33131
1296,56.5833333333333,1358,2023-12-02 07:55:32.888316672,sharp-gateway-349,dev-60307
1297,120.0,960,2023-01-26 20:41:34.978560256,fast-cam-940,dev-47945
1298,120.0,960,2023-01-30 18:30:40.530566912,tiny-tracker-734,dev-34349
1299,44.0,440,2023-05-19 02:41:35.547731968,silent-tracker-394,dev-85638
1300,656.974137931035,76209,2023-10-19 10:44:02.335763456,bright-relay-226,dev-54306
1301,50.0,650,2023-11-28 06:45:19.005776128,tiny-relay-275,dev-8039
1302,0.0,0,2023-05-06 07:54:34.751290880,bright-meter-499,dev-12927
1303,275.0,6325,2023-05-19 12:13:54.599921408,fast-tracker-431,dev-57848
1304,50.0,650,2023-08-08 08:58:04.616464128,sharp-meter-579,dev-60505
1305,263.541666666667,6325,2023-12-16 02:29:01.029665792,smart-gateway-664,dev-63949
1306,674.336206896552,78223,2023-08-03 17:46:01.941076992,bright-cam-552,dev-47640
1307,0.0,0,2023-10-27 08:45:13.632564992,sharp-tracker-289,dev-30222
1308,50.0,650,2023-07-28 20:01:19.661284096,fast-relay-309,dev-26059
1309,0.0,0,2023-05-20 18:39:17.177306368,bright-relay-218,dev-89272
1310,50.0,650,2023-01-29 15:38:20.173715456,silent-meter-954,dev-69781
1311,0.0,0,2023-09-26 02:57:30.455942400,tiny-thermo-936,dev-14977
1312,717.352380952381,75322,2023-06-21 11:46:51.349388288,fast-relay-147,dev-7597
1313,0.0,0,2023-06-08 13:50:49.079254016,bright-tracker-868,dev-21058
1314,0.0,0,2023-09-11 03:06:07.548348416,tiny-thermo-371,dev-34007
1315,275.0,6325,2023-10-02 11:26:03.803227392,tiny-tracker-412,dev-3770
1316,0.0,0,2023-10-14 09:12:04.522026496,tiny-meter-342,dev-23049
1317,0.0,0,2023-03-07 06:46:26.342529792,smart-cam-714,dev-34055
1318,287.5,6325,2023-01-25 17:24:30.206196224,smart-cam-930,dev-41223
1319,263.541666666667,6325,2023-12-01 05:54:03.782205440,tiny-meter-520,dev-49017
1320,275.0,6325,2023-12-07 20:12:02.233030912,bright-thermo-513,dev-31092
1321,50.0,650,2023-04-05 11:03:27.742330624,fast-thermo-856,dev-49074
1322,0.0,0,2023-03-24 03:40:58.762383616,bright-tracker-607,dev-32169
1323,0.0,0,2023-06-13 21:49:37.383450624,smart-relay-726,dev-33239
1324,50.0,650,2023-05-07 19:15:37.783643392,tiny-cam-835,dev-8294
1325,231.818181818182,7650,2023-08-27 14:28:01.527682560,smart-relay-207,dev-41639
1326,731.8,76839,2023-05-11 02:03:04.191472384,bright-gateway-521,dev-34339
1327,0.0,0,2023-07-14 10:32:45.444253184,bright-thermo-460,dev-65364
1328,50.0,650,2023-12-22 02:10:28.202747136,fast-gateway-661,dev-83061
1329,50.0,650,2023-12-16 21:25:54.469207040,silent-meter-105,dev-5477
1330,727.653846153846,75676,2023-06-21 00:28:12.503179264,fast-gateway-209,dev-784
1331,50.0,650,2023-04-21 23:58:13.662990336,silent-tracker-659,dev-977
1332,738.209523809524,77512,2023-05-13 23:07:51.603528192,fast-relay-634,dev-28765
1333,50.0,650,2023-03-26 10:24:04.109593344,silent-relay-679,dev-41673
1334,50.0,650,2023-10-11 08:15:31.999654400,smart-relay-247,dev-92600
1335,0.0,0,2023-06-04 16:09:20.703138304,bright-relay-771,dev-85923
1336,50.0,650,2023-03-27 18:31:26.022547456,smart-meter-791,dev-92776
1337,50.0,650,2023-02-22 00:31:41.690142976,bright-relay-101,dev-28689
1338,275.0,6325,2023-05-10 05:30:51.483316224,sharp-thermo-465,dev-92391
1339,0.0,0,2023-11-17 23:33:09.021257728,tiny-meter-148,dev-62654
1340,50.0,650,2023-08-01 13:48:14.192743168,bright-relay-395,dev-45912
1341,0.0,0,2023-04-02 14:48:04.947332864,fast-gateway-432,dev-50399
1342,0.0,0,2023-09-09 10:27:18.969890304,silent-relay-259,dev-79647
1343,50.0,650,2023-12-26 12:50:29.169153280,tiny-thermo-552,dev-55870
1344,50.0,650,2023-06-18 00:51:16.818295552,smart-thermo-975,dev-96337
1345,50.0,650,2023-10-20 11:46:47.076396032,tiny-relay-258,dev-49938
1346,275.0,6325,2023-07-03 00:09:06.664672256,tiny-cam-813,dev-9590
1347,725.557692307692,75458,2023-02-20 16:44:06.396914176,sharp-cam-306,dev-48161
1348,715.5,75843,2023-07-26 06:46:59.017394176,tiny-cam-455,dev-24426
1349,0.0,0,2023-06-30 04:19:47.415021568,tiny-thermo-735,dev-25969
1350,0.0,0,2023-12-27 17:25:42.422241536,bright-thermo-763,dev-61327
1351,275.0,6325,2023-01-01 13:28:13.241604352,silent-meter-292,dev-59105
1352,46.4285714285714,650,2023-12-26 01:33:25.829452288,sharp-meter-986,dev-50893
1353,50.0,650,2023-11-19 07:32:47.433632256,sharp-relay-556,dev-82323
1354,50.0,650,2023-04-02 23:19:01.941062144,smart-gateway-965,dev-66326
1355,0.0,0,2023-03-19 13:40:50.279621632,smart-relay-706,dev-93406
1356,724.619047619048,76085,2023-11-05 20:22:43.789589760,sharp-meter-478,dev-99660
1357,0.0,0,2023-12-06 08:12:24.417237760,bright-relay-394,dev-57444
1358,0.0,0,2023-11-22 12:23:41.426764032,silent-tracker-377,dev-25709
1359,0.0,0,2023-06-19 05:06:06.500252416,fast-gateway-882,dev-15131
1360,275.0,6325,2023-03-10 22:33:03.556299520,silent-tracker-461,dev-58375
1361,54.1666666666667,650,2023-02-07 13:31:26.872046848,sharp-cam-991,dev-69516
1362,275.0,6325,2023-09-27 19:05:05.018648064,smart-thermo-662,dev-19779
1363,735.913461538462,76535,2023-10-10 11:51:24.696705536,bright-tracker-461,dev-17091
1364,0.0,0,2023-10-19 17:19:11.113801728,sharp-cam-316,dev-80907
1365,710.009433962264,75261,2023-11-20 16:56:46.396787200,bright-cam-615,dev-6065
1366,0.0,0,2023-07-22 15:37:33.309514496,smart-gateway-883,dev-75335
1367,719.731481481482,77731,2023-11-10 11:26:40.543418368,sharp-gateway-439,dev-74910
1368,231.818181818182,7650,2023-10-27 21:00:26.540809728,silent-relay-908,dev-68212
1369,50.0,650,2023-05-07 10:54:54.200195840,fast-thermo-924,dev-77006
1370,50.0,650,2023-06-22 00:15:41.751980288,fast-cam-140,dev-59328
1371,50.0,650,2023-09-30 23:37:38.099338496,tiny-relay-274,dev-29062
1372,54.1666666666667,650,2023-12-25 11:23:37.865352448,silent-tracker-405,dev-930
1373,0.0,0,2023-09-18 19:27:25.735379968,smart-cam-248,dev-28657
1374,50.0,650,2023-10-12 00:41:02.859024640,silent-gateway-161,dev-82917
1375,727.180952380952,76354,2023-10-27 07:08:46.462596864,silent-relay-193,dev-97786
1376,275.0,6325,2023-02-28 17:16:23.733610240,silent-meter-583,dev-58930
1377,50.0,650,2023-05-29 03:29:33.311847168,tiny-tracker-818,dev-717
1378,0.0,0,2023-08-18 04:30:39.439060480,sharp-cam-760,dev-13436
1379,725.819047619048,76211,2023-05-17 23:49:54.201985536,silent-gateway-193,dev-50428
1380,275.0,6325,2023-09-07 23:13:15.169595136,fast-meter-783,dev-51172
1381,0.0,0,2023-12-30 17:34:01.774268160,sharp-relay-116,dev-52597
1382,50.0,650,2023-03-18 20:02:19.406075648,sharp-gateway-488,dev-23662
1383,0.0,0,2023-02-22 22:38:08.214453504,smart-cam-656,dev-60791
1384,275.0,6325,2023-12-30 07:33:12.896064768,smart-gateway-864,dev-69413
1385,0.0,0,2023-12-07 02:40:09.940970240,silent-thermo-341,dev-1471
1386,50.0,650,2023-09-02 06:57:27.363985920,smart-cam-550,dev-99828
1387,0.0,0,2023-01-17 17:12:45.162247680,tiny-cam-507,dev-25501
1388,0.0,0,2023-09-14 22:26:56.916499456,sharp-meter-364,dev-36224
1389,50.0,650,2023-08-25 23:09:10.201904384,smart-relay-226,dev-16137
1390,725.807692307692,75484,2023-07-20 02:09:41.072350208,fast-thermo-833,dev-53084
1391,50.0,650,2023-09-19 21:34:24.892971520,sharp-thermo-146,dev-8166
1392,0.0,0,2023-05-13 04:39:49.168750592,bright-tracker-173,dev-4852
1393,50.0,650,2023-08-28 01:24:26.313563648,sharp-meter-454,dev-29295
1394,46.4285714285714,650,2023-05-12 20:54:21.733459200,fast-thermo-332,dev-7553
1395,726.894230769231,75597,2023-05-28 23:02:10.896467968,silent-gateway-826,dev-58901
1396,50.0,650,2023-08-15 15:34:11.570874624,smart-thermo-664,dev-82286
1397,275.0,6325,2023-05-31 14:56:53.705821696,bright-relay-456,dev-33380
1398,0.0,0,2023-04-08 14:46:27.802872320,tiny-tracker-105,dev-61188
1399,275.0,6325,2023-01-25 06:43:48.872552960,bright-thermo-866,dev-76711
1400,139.703703703704,3772,2023-10-29 02:12:52.059855104,smart-cam-779,dev-13024
1401,102.733333333333,1541,2023-06-30 12:16:16.781503488,smart-meter-386,dev-99182
1402,225.954545454545,49710,2023-04-16 20:45:05.374889728,smart-gateway-548,dev-90804
1403,102.8,1542,2023-09-21 20:35:54.954181632,bright-thermo-767,dev-4382
1404,102.8,1542,2023-09-01 03:44:09.947589376,fast-relay-990,dev-57035
1405,139.703703703704,3772,2023-07-17 08:22:57.927430656,tiny-relay-338,dev-46027
1406,102.733333333333,1541,2023-05-05 17:03:57.303890432,bright-cam-529,dev-80259
1407,96.5333333333333,1448,2023-05-15 11:18:37.594381312,smart-cam-240,dev-96509
1408,223.830357142857,50138,2023-06-25 23:15:08.126050816,sharp-meter-749,dev-63317
1409,133.125,3195,2023-05-01 20:15:57.952448000,bright-gateway-474,dev-63585
1410,80.4444444444444,1448,2023-12-03 20:47:50.356542976,tiny-tracker-889,dev-94332
1411,232.032710280374,49655,2023-02-24 14:25:36.955190272,tiny-relay-690,dev-52186
1412,130.470588235294,2218,2023-10-06 04:26:59.793854720,smart-gateway-406,dev-55917
1413,145.076923076923,3772,2023-09-04 00:57:38.942792704,silent-relay-540,dev-99226
1414,96.6,1449,2023-03-25 22:36:20.199684096,sharp-tracker-777,dev-24898
1415,145.115384615385,3773,2023-06-25 00:09:28.755543040,fast-cam-304,dev-3569
1416,224.990950226244,49723,2023-07-10 11:39:06.702930432,sharp-relay-567,dev-56676
1417,102.733333333333,1541,2023-01-06 08:11:56.910583552,bright-thermo-640,dev-90243
1418,102.733333333333,1541,2023-11-15 21:31:05.168476672,bright-gateway-974,dev-39051
1419,145.076923076923,3772,2023-04-27 08:08:57.060312832,fast-thermo-896,dev-28438
1420,102.733333333333,1541,2023-02-10 12:48:13.151879680,smart-gateway-376,dev-67364
1421,76.3157894736842,1450,2023-07-07 23:32:27.471872768,fast-relay-203,dev-99932
1422,96.6,1449,2023-04-28 04:25:39.390783744,sharp-cam-127,dev-275
1423,96.6,1449,2023-10-21 07:39:01.823202048,smart-thermo-267,dev-56674
1424,102.666666666667,1540,2023-04-20 14:24:58.556247808,fast-relay-410,dev-56604
1425,96.5333333333333,1448,2023-06-27 22:50:14.120998912,bright-thermo-245,dev-43980
1426,102.933333333333,1544,2023-11-18 07:16:16.617974528,silent-cam-270,dev-23580
1427,140.5,3934,2023-11-29 04:59:03.775598592,sharp-gateway-564,dev-68988
1428,102.8,1542,2023-04-07 02:27:13.140922112,smart-meter-586,dev-89050
1429,96.5333333333333,1448,2023-08-29 11:46:49.305139968,fast-relay-934,dev-68190
1430,134.75,3773,2023-06-01 08:57:09.157771776,silent-gateway-461,dev-43165
1431,127.72,3193,2023-03-24 14:08:17.892280064,silent-tracker-233,dev-65665
1432,145.115384615385,3773,2023-02-04 01:12:13.324039424,silent-cam-178,dev-95914
1433,228.884792626728,49668,2023-10-03 18:01:37.280557568,bright-cam-648,dev-49701
1434,225.851351351351,50139,2023-06-15 17:31:46.546879232,bright-gateway-300,dev-75922
1435,102.8,1542,2023-03-08 00:53:18.731064576,smart-meter-777,dev-91605
1436,224.316742081448,49574,2023-12-06 23:15:29.050339072,tiny-meter-506,dev-83905
1437,221.417777777778,49819,2023-07-23 16:36:27.022350336,fast-cam-560,dev-20054
1438,145.115384615385,3773,2023-03-04 19:27:12.089932032,tiny-tracker-376,dev-51274
1439,145.038461538462,3771,2023-04-02 07:57:45.397852416,tiny-tracker-259,dev-49310
1440,145.076923076923,3772,2023-07-23 19:17:42.209627392,tiny-thermo-522,dev-74278
1441,76.2631578947368,1449,2023-12-08 18:32:18.796957696,silent-relay-681,dev-91342
1442,80.4444444444444,1448,2023-03-27 21:56:38.981367552,tiny-gateway-380,dev-46613
1443,127.68,3192,2023-03-11 19:50:25.699840000,smart-relay-239,dev-66119
1444,145.076923076923,3772,2023-09-21 00:47:23.230751744,smart-gateway-939,dev-93019
1445,96.4666666666667,1447,2023-12-19 13:37:49.045480192,tiny-gateway-599,dev-75237
1446,96.6666666666667,1450,2023-08-06 15:50:11.071571968,smart-meter-696,dev-53240
1447,145.115384615385,3773,2023-06-30 12:53:35.667580928,sharp-meter-928,dev-65583
1448,145.115384615385,3773,2023-03-31 04:23:09.762005248,bright-gateway-319,dev-56059
1449,224.418918918919,49821,2023-05-18 04:42:47.832072960,bright-relay-126,dev-66944
1450,145.115384615385,3773,2023-09-11 23:37:11.803073536,tiny-cam-945,dev-10270
1451,145.153846153846,3774,2023-12-06 16:12:32.068393216,smart-tracker-705,dev-26170
1452,158.964285714286,4451,2023-10-25 15:42:57.990650880,bright-gateway-281,dev-5524
1453,145.115384615385,3773,2023-02-14 10:27:11.131578880,fast-thermo-304,dev-66461
1454,102.733333333333,1541,2023-11-17 20:14:43.100808192,smart-relay-994,dev-80087
1455,102.866666666667,1543,2023-05-15 22:22:21.205696512,tiny-cam-978,dev-73962
1456,218.563318777293,50051,2023-03-29 15:38:48.906575360,fast-cam-299,dev-3412
1457,102.8,1542,2023-04-13 13:54:07.364803584,fast-thermo-456,dev-42057
1458,145.038461538462,3771,2023-08-02 08:48:59.561473792,silent-relay-975,dev-70269
1459,102.733333333333,1541,2023-12-04 08:26:05.697283840,tiny-cam-415,dev-12928
1460,145.192307692308,3775,2023-10-27 13:42:17.803832064,sharp-meter-800,dev-41588
1461,102.8,1542,2023-12-19 16:44:20.395356416,smart-gateway-915,dev-13787
1462,230.748837209302,49611,2023-08-31 20:28:50.082016256,fast-meter-509,dev-70397
1463,102.933333333333,1544,2023-10-20 12:41:54.348435456,silent-relay-773,dev-42579
1464,145.153846153846,3774,2023-09-19 23:37:02.446753024,sharp-tracker-245,dev-92727
1465,96.6,1449,2023-01-11 15:50:03.780319488,sharp-relay-265,dev-88599
1466,220.442477876106,49820,2023-12-24 09:46:15.288348160,fast-gateway-723,dev-89633
1467,106.466666666667,3194,2023-03-23 20:11:16.908497408,silent-thermo-581,dev-18175
1468,225.009049773756,49727,2023-11-05 12:59:44.266349568,bright-meter-991,dev-8357
1469,102.8,1542,2023-12-02 14:43:39.006724352,smart-cam-449,dev-7203
1470,224.40990990991,49819,2023-06-13 17:31:35.044468480,tiny-relay-389,dev-12820
1471,96.7333333333333,1451,2023-06-01 05:54:38.385591808,sharp-gateway-563,dev-5940
1472,232.915492957746,49611,2023-12-11 12:43:21.464670720,fast-tracker-118,dev-57974
1473,96.6,1449,2023-07-19 10:36:14.870997760,bright-gateway-693,dev-13521
1474,102.866666666667,1543,2023-03-07 14:40:48.836651520,smart-cam-293,dev-82972
1475,102.866666666667,1543,2023-12-05 12:32:37.374836224,silent-gateway-492,dev-73317
1476,102.733333333333,1541,2023-04-20 07:30:59.871135744,silent-gateway-537,dev-34785
1477,223.461883408072,49832,2023-01-08 04:38:10.475574272,tiny-tracker-216,dev-48400
1478,80.6111111111111,1451,2023-06-26 03:38:54.414594304,sharp-meter-546,dev-34764
1479,223.156950672646,49764,2023-12-20 05:02:25.303421952,bright-thermo-982,dev-94746
1480,96.5333333333333,1448,2023-09-20 20:06:58.241601024,bright-tracker-608,dev-90769
1481,96.4666666666667,1447,2023-10-31 19:31:30.593236736,sharp-gateway-516,dev-87041
1482,145.115384615385,3773,2023-02-09 18:18:02.866596096,tiny-tracker-453,dev-70202
1483,228.808219178082,50109,2023-11-29 19:11:19.600041728,fast-cam-208,dev-91632
1484,102.8,1542,2023-01-21 17:51:19.617559296,silent-thermo-584,dev-97071
1485,96.7333333333333,1451,2023-02-04 17:52:58.091748352,tiny-gateway-250,dev-72620
1486,90.625,1450,2023-07-18 14:07:51.263489280,tiny-tracker-906,dev-72930
1487,219.236842105263,49986,2023-10-22 20:59:44.457393920,sharp-gateway-145,dev-96699
1488,218.039301310044,49931,2023-08-19 05:24:07.172568064,tiny-cam-350,dev-51784
1489,230.06880733945,50155,2023-11-25 02:55:58.216684288,bright-gateway-802,dev-55061
1490,96.6666666666667,1450,2023-12-28 20:05:15.708706304,smart-meter-151,dev-72386
1491,102.733333333333,1541,2023-02-11 12:11:49.926319872,smart-meter-605,dev-28835
1492,96.7333333333333,1451,2023-01-16 22:01:46.443887872,bright-thermo-609,dev-91253
1493,102.933333333333,1544,2023-09-21 18:40:20.030976768,tiny-relay-435,dev-91117
1494,102.8,1542,2023-03-15 16:31:59.998963456,bright-meter-133,dev-6493
1495,145.192307692308,3775,2023-02-26 10:53:32.257653760,sharp-thermo-188,dev-73939
1496,224.468468468468,49832,2023-03-23 19:27:38.237031936,tiny-cam-425,dev-51272
1497,96.6,1449,2023-10-04 01:03:38.594010880,tiny-cam-128,dev-64507
1498,102.733333333333,1541,2023-03-18 04:57:07.132056832,silent-relay-570,dev-73976
1499,227.164383561644,49749,2023-05-22 03:22:04.320539392,fast-meter-997,dev-6366
1500,0.0,0,2023-02-23 14:13:41.760819968,bright-thermo-212,dev-34887
1501,0.0,0,2023-02-13 06:04:00.918029312,smart-thermo-865,dev-87253
1502,0.0,0,2023-06-25 10:12:04.995997184,bright-tracker-524,dev-65668
1503,0.0,0,2023-04-02 14:16:52.228285696,sharp-gateway-205,dev-43831
1504,0.0,0,2023-10-05 19:11:03.579978752,tiny-relay-207,dev-80382
1505,0.0,0,2023-11-16 16:21:37.433035264,silent-relay-866,dev-93474
1506,0.0,0,2023-10-29 07:05:01.674402048,smart-meter-156,dev-61978
1507,0.0,0,2023-05-13 17:52:54.841652480,fast-tracker-955,dev-60353
1508,0.0,0,2023-12-25 16:22:25.038318080,sharp-relay-122,dev-35231
1509,0.0,0,2023-04-07 00:52:53.392593920,tiny-relay-916,dev-62022
1510,0.0,0,2023-09-17 23:19:21.665803008,bright-tracker-435,dev-60534
1511,0.0,0,2023-09-28 02:22:10.535387648,silent-cam-965,dev-77358
1512,0.0,0,2023-11-05 17:18:36.811368704,tiny-tracker-352,dev-40802
1513,0.0,0,2023-11-17 01:25:43.581408768,bright-cam-496,dev-91871
1514,0.0,0,2023-07-14 19:07:47.416648704,smart-gateway-480,dev-62982
1515,0.0,0,2023-02-19 05:11:23.719875840,silent-meter-324,dev-85069
1516,0.0,0,2023-06-02 11:02:40.001154048,fast-thermo-589,dev-41017
1517,0.0,0,2023-11-28 06:20:35.346867456,tiny-tracker-272,dev-20296
1518,0.0,0,2023-12-21 06:50:25.274872576,silent-relay-796,dev-66481
1519,0.0,0,2023-02-01 08:54:27.305798144,bright-tracker-546,dev-30730
1520,0.0,0,2023-03-20 15:36:55.595240960,silent-gateway-579,dev-93041
1521,0.0,0,2023-10-03 12:32:36.885046784,smart-gateway-968,dev-71845
1522,0.0,0,2023-10-15 13:43:23.389617920,sharp-meter-829,dev-70915
1523,0.0,0,2023-12-29 09:59:42.881171712,bright-cam-634,dev-99230
1524,0.0,0,2023-12-09 19:44:31.552871168,fast-gateway-234,dev-65584
1525,0.0,0,2023-08-16 12:22:21.686792960,smart-relay-362,dev-56786
1526,0.0,0,2023-11-02 08:44:35.595854080,silent-meter-648,dev-73217
1527,0.0,0,2023-10-19 20:22:21.844642560,smart-gateway-499,dev-79416
1528,0.0,0,2023-01-15 10:06:56.635676672,sharp-relay-474,dev-69009
1529,0.0,0,2023-01-06 09:38:14.620614400,sharp-meter-689,dev-87877
1530,0.0,0,2023-07-13 12:14:15.329511168,sharp-meter-343,dev-9155
1531,0.0,0,2023-06-01 23:07:20.062852352,bright-relay-891,dev-42681
1532,0.0,0,2023-06-12 00:42:14.617564672,silent-thermo-330,dev-66446
1533,0.0,0,2023-07-20 08:56:41.482104064,silent-relay-137,dev-22090
1534,0.0,0,2023-07-10 03:09:55.102326784,tiny-tracker-548,dev-66401
1535,0.0,0,2023-07-19 14:16:50.879393280,fast-meter-409,dev-3102
1536,0.0,0,2023-05-17 07:22:14.148935168,bright-thermo-363,dev-46131
1537,0.0,0,2023-01-18 23:17:03.960934912,silent-thermo-152,dev-18692
1538,0.0,0,2023-07-25 12:38:04.291031296,fast-tracker-918,dev-20634
1539,0.0,0,2023-04-04 17:24:12.447054592,tiny-gateway-418,dev-8800
1540,0.0,0,2023-03-23 19:19:29.835202560,silent-meter-802,dev-38539
1541,0.0,0,2023-01-22 15:47:01.792719104,silent-cam-267,dev-29561
1542,0.0,0,2023-07-16 05:26:56.590193152,smart-gateway-256,dev-50655
1543,0.0,0,2023-10-25 20:42:42.856771072,sharp-thermo-304,dev-90747
1544,0.0,0,2023-11-21 01:56:58.325650432,bright-relay-322,dev-34289
1545,0.0,0,2023-05-08 20:16:50.817307648,silent-meter-379,dev-68756
1546,0.0,0,2023-02-18 16:08:26.136438272,fast-tracker-979,dev-15481
1547,0.0,0,2023-01-12 07:53:22.224442880,fast-relay-543,dev-45995
1548,0.0,0,2023-10-14 10:24:50.664601088,silent-gateway-262,dev-23854
1549,0.0,0,2023-04-27 05:01:06.790434816,tiny-cam-350,dev-51784
1550,0.0,0,2023-05-14 23:41:48.975579648,silent-relay-706,dev-54210
1551,0.0,0,2023-09-28 15:04:47.587108608,silent-thermo-799,dev-20419
1552,0.0,0,2023-04-14 09:19:52.319593216,sharp-tracker-906,dev-15037
1553,0.0,0,2023-12-21 13:59:41.125699840,silent-cam-749,dev-52764
1554,0.0,0,2023-07-02 08:40:45.538037504,fast-meter-119,dev-73025
1555,0.0,0,2023-07-04 12:23:21.499755264,smart-thermo-105,dev-29406
1556,0.0,0,2023-03-03 19:25:58.393992192,smart-meter-797,dev-1576
1557,0.0,0,2023-04-27 20:36:20.929111552,silent-cam-587,dev-39486
1558,0.0,0,2023-09-29 12:40:16.521095424,bright-gateway-258,dev-59300
1559,0.0,0,2023-11-25 16:36:02.414778880,tiny-meter-796,dev-74898
1560,0.0,0,2023-06-25 17:59:50.510805248,tiny-thermo-138,dev-42511
1561,0.0,0,2023-08-01 09:17:46.007863040,smart-thermo-661,dev-3120
1562,0.0,0,2023-08-11 08:02:47.132389120,fast-cam-507,dev-27190
1563,0.0,0,2023-06-13 05:23:32.309623552,smart-tracker-802,dev-87282
1564,0.0,0,2023-02-10 07:20:35.853761280,sharp-gateway-627,dev-81992
1565,0.0,0,2023-12-02 09:06:27.047042560,sharp-gateway-912,dev-36468
1566,0.0,0,2023-05-03 16:01:51.829440256,bright-relay-548,dev-24968
1567,0.0,0,2023-10-02 12:31:15.209714688,fast-gateway-773,dev-31829
1568,0.0,0,2023-11-20 19:02:32.833700608,sharp-cam-582,dev-59960
1569,0.0,0,2023-08-04 06:52:51.773274112,sharp-cam-781,dev-16408
1570,0.0,0,2023-09-10 04:26:16.950589440,sharp-thermo-368,dev-62626
1571,0.0,0,2023-10-25 00:19:13.142683904,fast-cam-355,dev-33907
1572,0.0,0,2023-03-31 01:05:42.520641536,sharp-relay-543,dev-16112
1573,0.0,0,2023-11-22 07:32:13.747533312,smart-meter-790,dev-33993
1574,0.0,0,2023-05-04 00:16:54.311725056,bright-meter-151,dev-70182
1575,0.0,0,2023-01-03 15:25:43.488285696,fast-relay-840,dev-10657
1576,0.0,0,2023-07-14 21:47:37.497842432,smart-gateway-870,dev-76087
1577,0.0,0,2023-06-22 23:49:10.426771456,silent-meter-423,dev-737
1578,0.0,0,2023-04-16 15:53:58.100481536,fast-relay-541,dev-82914
1579,0.0,0,2023-10-18 11:34:19.934526720,tiny-meter-516,dev-64327
1580,0.0,0,2023-11-26 00:42:52.865206016,tiny-thermo-783,dev-43264
1581,0.0,0,2023-06-21 19:15:10.083229952,tiny-relay-262,dev-39403
1582,0.0,0,2023-11-06 07:16:47.480194304,silent-meter-567,dev-78868
1583,0.0,0,2023-01-21 06:02:24.940588544,silent-tracker-114,dev-73151
1584,0.0,0,2023-11-14 15:48:22.483676928,sharp-gateway-973,dev-98207
1585,0.0,0,2023-05-27 11:24:37.411112192,tiny-cam-438,dev-72858
1586,0.0,0,2023-10-10 20:26:54.134721280,silent-tracker-873,dev-190
1587,0.0,0,2023-11-02 23:45:51.932157952,smart-tracker-454,dev-89698
1588,0.0,0,2023-05-15 23:26:32.207851264,fast-tracker-705,dev-73754
1589,0.0,0,2023-06-11 05:28:04.172852224,bright-cam-917,dev-48897
1590,0.0,0,2023-01-07 15:43:28.813553408,tiny-meter-127,dev-81115
1591,0.0,0,2023-12-21 22:11:53.209091072,tiny-gateway-116,dev-98918
1592,0.0,0,2023-10-08 09:58:56.082870272,silent-gateway-737,dev-1535
1593,0.0,0,2023-04-28 16:03:59.915795200,smart-tracker-648,dev-81845
1594,0.0,0,2023-01-07 23:14:16.761097728,sharp-gateway-301,dev-23073
1595,0.0,0,2023-09-21 05:10:19.660418048,silent-meter-553,dev-90175
1596,0.0,0,2023-06-12 15:30:55.454427392,fast-thermo-811,dev-60820
1597,0.0,0,2023-06-25 02:41:14.151284992,sharp-thermo-148,dev-34359
1598,0.0,0,2023-04-08 15:20:59.731927296,bright-tracker-715,dev-61706
1599,0.0,0,2023-01-22 22:41:09.251228928,tiny-thermo-298,dev-95142
1600,308.692307692308,8026,2023-12-17 03:51:01.036871168,smart-cam-989,dev-52226
1601,284.32,7108,2023-10-31 16:01:14.741459968,smart-relay-216,dev-34725
1602,311.538461538462,8100,2023-06-20 08:32:45.502638848,sharp-gateway-808,dev-61563
1603,337.766666666667,10133,2023-01-22 08:36:23.559293184,tiny-tracker-139,dev-65462
1604,310.0,7750,2023-05-24 17:30:21.686627072,fast-relay-385,dev-96415
1605,325.25,7806,2023-04-16 09:13:21.636170240,fast-cam-903,dev-23606
1606,324.333333333333,7784,2023-02-19 10:04:07.050064384,tiny-tracker-293,dev-28945
1607,278.04,6951,2023-06-05 13:09:26.877197056,sharp-meter-625,dev-37241
1608,568.113636363636,24997,2023-04-01 01:16:34.304472064,sharp-meter-643,dev-78464
1609,326.666666666667,7840,2023-05-31 04:26:05.196906240,silent-gateway-108,dev-60140
1610,309.884615384615,8057,2023-01-12 19:34:42.957466624,tiny-tracker-549,dev-61102
1611,280.56,7014,2023-11-10 11:45:32.850231040,fast-meter-548,dev-32005
1612,321.470588235294,10930,2023-06-23 18:11:32.107153920,tiny-gateway-343,dev-52828
1613,311.076923076923,8088,2023-03-26 05:47:54.230164224,fast-thermo-685,dev-30442
1614,310.48,7762,2023-07-11 02:59:38.259413248,smart-meter-448,dev-14435
1615,562.75,24761,2023-02-16 12:53:31.790517504,sharp-tracker-209,dev-19708
1616,309.48,7737,2023-01-31 03:42:20.225529600,bright-tracker-696,dev-78239
1617,309.84,7746,2023-12-17 21:50:59.646275072,bright-cam-210,dev-24945
1618,564.0,24816,2023-04-10 05:45:29.752980480,bright-thermo-208,dev-86732
1619,299.72,7493,2023-09-25 15:24:22.046086656,tiny-relay-782,dev-35324
1620,555.5,25553,2023-03-22 20:59:55.989815808,sharp-tracker-571,dev-8847
1621,311.08,7777,2023-11-23 03:41:32.820340736,bright-thermo-688,dev-37924
1622,292.25,7014,2023-03-27 08:17:10.091010816,tiny-meter-379,dev-61049
1623,307.8,7695,2023-05-07 05:15:39.793376256,fast-cam-622,dev-23856
1624,280.56,7014,2023-10-23 10:22:20.112556288,bright-meter-178,dev-96453
1625,307.8,7695,2023-08-30 03:33:42.458386944,fast-meter-842,dev-42379
1626,310.04,7751,2023-09-05 16:02:22.130273280,bright-tracker-817,dev-74159
1627,317.0,7608,2023-09-13 08:50:30.617175808,tiny-meter-957,dev-74445
1628,341.21875,10919,2023-12-24 19:31:42.824594432,bright-tracker-303,dev-77882
1629,310.28,7757,2023-08-21 22:46:40.062668032,bright-thermo-780,dev-98512
1630,342.3125,10954,2023-02-25 14:28:45.591867904,sharp-gateway-724,dev-40752
1631,291.92,7298,2023-12-23 13:56:16.689327616,fast-gateway-916,dev-71825
1632,310.576923076923,8075,2023-03-16 20:38:21.026143744,fast-gateway-522,dev-40948
1633,281.56,7039,2023-03-26 00:58:29.062894080,silent-meter-975,dev-31811
1634,276.68,6917,2023-06-11 14:31:36.172048896,sharp-relay-504,dev-1231
1635,309.32,7733,2023-01-05 00:10:20.463296000,smart-cam-801,dev-34278
1636,308.92,7723,2023-10-21 16:54:43.425804544,silent-thermo-667,dev-32292
1637,543.804347826087,25015,2023-03-17 04:46:47.775126784,fast-thermo-156,dev-48568
1638,304.96,7624,2023-12-13 02:36:21.743637504,fast-gateway-708,dev-59058
1639,331.90625,10621,2023-04-12 13:00:42.862960896,smart-tracker-160,dev-13714
1640,314.25,7542,2023-11-06 22:30:43.951373312,sharp-thermo-303,dev-7357
1641,322.333333333333,7736,2023-05-29 20:06:48.823396864,silent-cam-434,dev-24696
1642,278.44,6961,2023-09-11 12:44:44.545892608,bright-relay-797,dev-33716
1643,309.84,7746,2023-07-25 09:18:11.821195008,fast-thermo-981,dev-8453
1644,292.2,7305,2023-11-15 07:47:04.638998784,silent-meter-662,dev-4072
1645,338.78125,10841,2023-05-18 21:44:02.858769664,silent-gateway-366,dev-40764
1646,311.52,7788,2023-08-27 06:23:36.478526464,bright-relay-133,dev-18
1647,311.04,7776,2023-10-24 02:18:25.632415488,fast-relay-137,dev-28954
1648,308.0,8008,2023-08-16 18:19:08.161985536,smart-relay-823,dev-12105
1649,310.0,7750,2023-04-08 21:35:07.590443264,sharp-thermo-542,dev-65042
1650,304.782608695652,7010,2023-06-23 05:41:01.848684544,silent-cam-147,dev-7805
1651,339.758620689655,9853,2023-08-04 22:40:44.721793536,smart-meter-669,dev-91413
1652,324.666666666667,7792,2023-07-21 01:48:49.048078336,tiny-relay-865,dev-58574
1653,312.52,7813,2023-04-08 00:11:01.673771008,fast-tracker-375,dev-37677
1654,562.886363636364,24767,2023-03-10 07:10:02.289873664,silent-meter-773,dev-88293
1655,308.72,7718,2023-05-07 16:34:54.518109184,bright-gateway-218,dev-61487
1656,275.92,6898,2023-05-28 11:20:01.722525952,fast-relay-364,dev-70340
1657,341.96875,10943,2023-11-24 10:21:01.814173184,smart-cam-316,dev-81958
1658,319.458333333333,7667,2023-08-26 19:13:03.238692352,silent-relay-827,dev-41608
1659,310.8,7770,2023-01-26 09:17:08.735023104,silent-tracker-301,dev-46783
1660,340.78125,10905,2023-04-26 11:23:55.842880256,bright-relay-175,dev-66278
1661,325.291666666667,7807,2023-01-22 18:52:34.021747456,sharp-cam-391,dev-24359
1662,321.666666666667,7720,2023-09-13 02:47:31.484988160,bright-thermo-187,dev-37112
1663,354.322580645161,10984,2023-09-24 20:05:22.315217408,smart-tracker-168,dev-44255
1664,312.84,7821,2023-10-23 09:28:18.627603968,fast-gateway-403,dev-11241
1665,340.65625,10901,2023-09-09 17:28:19.198142976,silent-relay-413,dev-83871
1666,309.48,7737,2023-06-16 19:25:10.691391232,bright-thermo-132,dev-60964
1667,310.88,7772,2023-05-17 02:32:51.807952128,tiny-meter-108,dev-41479
1668,324.0,7776,2023-11-02 11:48:14.208756736,smart-gateway-672,dev-49257
1669,288.166666666667,6916,2023-06-14 10:21:48.095523584,smart-meter-633,dev-85815
1670,307.36,7684,2023-03-24 13:27:04.201320704,bright-relay-935,dev-69899
1671,311.68,7792,2023-09-12 20:14:32.173723136,tiny-relay-136,dev-95363
1672,279.84,6996,2023-01-31 15:15:43.718353920,bright-gateway-567,dev-37800
1673,311.96,7799,2023-10-29 00:54:28.010878208,bright-gateway-855,dev-1455
1674,275.88,6897,2023-05-07 15:50:32.158279680,silent-gateway-776,dev-53885
1675,278.24,6956,2023-06-29 18:00:16.594207744,bright-thermo-829,dev-60499
1676,313.6,7840,2023-07-06 16:36:35.553450496,bright-thermo-878,dev-88960
1677,290.375,6969,2023-09-26 23:09:19.246861568,sharp-meter-179,dev-24297
1678,306.04,7651,2023-01-01 22:02:30.044739072,tiny-thermo-362,dev-17448
1679,312.56,7814,2023-04-07 12:34:35.600545280,fast-cam-283,dev-64279
1680,340.9375,10910,2023-11-03 10:38:42.769566720,fast-gateway-379,dev-29879
1681,302.08,7552,2023-09-22 07:40:17.432557312,silent-gateway-888,dev-19072
1682,300.4,7510,2023-11-27 04:15:11.759833600,sharp-gateway-583,dev-30166
1683,294.32,7358,2023-10-02 09:25:22.275935488,silent-meter-123,dev-93980
1684,307.0,7675,2023-06-28 04:27:27.184490496,tiny-relay-166,dev-96006
1685,300.76,7519,2023-08-17 00:44:01.296452096,bright-cam-847,dev-55385
1686,307.041666666667,7369,2023-12-12 04:17:35.516280064,silent-thermo-479,dev-16951
1687,306.833333333333,7364,2023-07-20 19:51:36.359256064,sharp-tracker-496,dev-20737
1688,563.795454545455,24807,2023-08-09 17:10:47.079585792,fast-relay-949,dev-36564
1689,281.04,7026,2023-06-17 16:21:14.703898624,tiny-relay-840,dev-78840
1690,279.44,6986,2023-10-17 05:30:28.642499328,tiny-cam-446,dev-57840
1691,277.64,6941,2023-01-25 02:33:06.695678720,silent-gateway-301,dev-92876
1692,310.52,7763,2023-01-31 04:09:50.123488000,bright-relay-183,dev-92302
1693,314.24,7856,2023-07-23 04:24:20.361691136,silent-meter-897,dev-33717
1694,294.88,7372,2023-03-29 07:30:13.229586688,sharp-relay-319,dev-81761
1695,306.92,7673,2023-03-21 04:34:47.471062016,sharp-tracker-352,dev-79595
1696,309.88,7747,2023-09-23 17:46:36.832588544,silent-meter-573,dev-34303
1697,313.28,7832,2023-11-20 17:39:16.827101184,silent-tracker-388,dev-4667
1698,333.133333333333,9994,2023-09-22 00:28:54.992769536,smart-cam-106,dev-74046
1699,308.92,7723,2023-06-25 04:02:29.990299648,smart-cam-274,dev-47680
1700,41.0,246,2023-03-24 18:32:28.687624704,fast-tracker-648,dev-62214
1701,41.0,246,2023-01-22 07:52:09.226941184,tiny-thermo-843,dev-6642
1702,227.705882352941,3871,2023-05-06 01:24:57.812057856,sharp-gateway-779,dev-16880
1703,634.4,6344,2023-12-18 22:05:43.323620352,silent-tracker-304,dev-75230
1704,41.0,246,2023-09-29 12:41:40.917617664,silent-meter-939,dev-66736
1705,98.4583333333333,2363,2023-10-18 03:44:55.802061056,sharp-meter-704,dev-75634
1706,41.0,246,2023-04-07 00:37:00.118869248,bright-thermo-376,dev-80216
1707,41.0,246,2023-02-23 11:18:05.560830464,fast-thermo-813,dev-63482
1708,291.933333333333,8758,2023-10-06 20:24:55.285325312,sharp-thermo-862,dev-52916
1709,876.024864296971,5002978,2023-07-03 05:15:10.107766784,tiny-relay-756,dev-94019
1710,519.346534653465,52454,2023-03-08 12:18:41.432690688,bright-relay-148,dev-25981
1711,307.15,12286,2023-07-08 10:58:21.317740032,bright-cam-972,dev-45405
1712,41.0,246,2023-09-13 17:44:03.967576064,silent-cam-759,dev-20035
1713,41.0,246,2023-10-22 22:44:12.425741824,tiny-tracker-354,dev-66871
1714,41.0,246,2023-09-04 02:56:06.059111424,sharp-thermo-743,dev-1304
1715,227.705882352941,3871,2023-04-23 04:42:21.434867968,silent-cam-122,dev-81914
1716,352.663461538462,36677,2023-10-30 18:45:00.781170944,silent-meter-864,dev-29908
1717,241.9375,3871,2023-04-07 12:25:42.757706752,smart-gateway-885,dev-37836
1718,41.0,246,2023-06-04 12:20:50.875944192,silent-meter-854,dev-93597
1719,238.344827586207,6912,2023-10-29 11:55:36.223790336,sharp-thermo-983,dev-354
1720,41.0,246,2023-02-24 21:42:21.786037760,tiny-thermo-734,dev-37963
1721,41.0,246,2023-10-14 14:07:55.516578560,tiny-tracker-168,dev-38587
1722,488.0,6344,2023-11-18 23:34:37.935359744,fast-meter-225,dev-12707
1723,255.434108527132,32951,2023-12-12 00:31:43.749958144,tiny-thermo-956,dev-42443
1724,227.705882352941,3871,2023-10-03 18:32:35.723203584,fast-cam-655,dev-30354
1725,41.0,246,2023-08-16 12:59:50.013242112,bright-thermo-870,dev-56697
1726,206.65,4133,2023-03-21 21:13:44.930800384,smart-relay-413,dev-83264
1727,41.0,246,2023-09-25 01:32:53.811495936,smart-meter-623,dev-80368
1728,41.0,246,2023-12-16 05:50:05.164694528,fast-thermo-674,dev-36618
1729,430.382978723404,20228,2023-08-18 04:26:38.680555776,silent-gateway-369,dev-75091
1730,41.0,246,2023-04-14 21:03:41.480717312,silent-cam-178,dev-95914
1731,241.9375,3871,2023-01-31 03:47:44.462924544,fast-gateway-510,dev-36760
1732,595.084444444444,133894,2023-03-02 01:45:25.688651520,tiny-meter-576,dev-85907
1733,41.0,246,2023-09-08 04:56:33.025586432,fast-relay-462,dev-21232
1734,41.0,246,2023-01-05 16:46:41.019439360,tiny-meter-229,dev-69291
1735,241.9375,3871,2023-09-18 06:26:34.365992448,silent-gateway-148,dev-55090
1736,488.787878787879,32260,2023-11-08 20:07:54.715663872,bright-tracker-355,dev-12585
1737,41.0,246,2023-01-14 17:14:54.008491520,sharp-meter-310,dev-89692
1738,744.155080213904,139157,2023-10-12 02:11:52.026629632,bright-cam-675,dev-77469
1739,229.903225806452,7127,2023-05-02 02:27:11.186882304,bright-tracker-719,dev-44950
1740,129.333333333333,2328,2023-05-04 18:03:50.646462208,bright-thermo-168,dev-27360
1741,643.909836065574,78557,2023-01-10 08:14:07.386772224,silent-thermo-539,dev-8951
1742,360.16384180791,63749,2023-07-20 23:24:58.597952256,fast-relay-652,dev-55472
1743,241.9375,3871,2023-05-19 23:20:13.038560000,bright-tracker-501,dev-3034
1744,41.0,246,2023-11-21 17:50:55.406949120,smart-thermo-557,dev-67415
1745,420.186046511628,18068,2023-10-18 15:41:30.018132992,sharp-relay-173,dev-50018
1746,41.0,246,2023-12-01 21:40:45.468533248,sharp-meter-406,dev-35674
1747,0.0,0,2023-04-16 18:47:21.275187968,tiny-tracker-361,dev-67108
1748,822.572727272727,1266762,2023-06-15 06:19:05.502513408,smart-cam-349,dev-9429
1749,419.416666666667,20132,2023-04-16 09:15:11.732409600,tiny-thermo-323,dev-85030
1750,228.68,5717,2023-02-25 08:49:54.555908608,silent-cam-311,dev-24134
1751,41.0,246,2023-03-16 10:30:20.591700480,sharp-meter-184,dev-99863
1752,0.0,0,2023-03-26 04:21:54.585122816,sharp-gateway-385,dev-50281
1753,272.190909090909,29941,2023-05-20 06:40:45.345325824,silent-meter-155,dev-275
1754,41.0,246,2023-12-19 21:26:33.130633728,smart-thermo-940,dev-13564
1755,41.0,246,2023-11-07 19:59:17.702074880,bright-meter-941,dev-93396
1756,41.0,246,2023-03-15 12:00:46.847040768,tiny-cam-958,dev-20726
1757,429.666666666667,10312,2023-09-14 17:17:29.508551168,smart-gateway-924,dev-2469
1758,373.231884057971,25753,2023-06-09 20:56:20.112545280,tiny-meter-127,dev-81115
1759,354.736972704715,142959,2023-06-22 19:57:25.515204864,smart-gateway-751,dev-52440
1760,41.0,246,2023-05-04 16:30:44.613448704,sharp-gateway-995,dev-9797
1761,329.900552486188,59712,2023-08-17 11:22:03.832707328,bright-thermo-922,dev-49577
1762,41.0,246,2023-03-01 09:57:11.906694912,bright-meter-398,dev-74306
1763,427.791666666667,10267,2023-04-25 17:02:27.012194048,sharp-gateway-635,dev-37647
1764,191.6875,6134,2023-01-24 23:10:10.426958592,fast-tracker-391,dev-21411
1765,41.0,246,2023-05-29 13:04:43.217528064,fast-gateway-984,dev-73128
1766,475.321428571429,26618,2023-02-16 09:38:47.640960512,smart-gateway-646,dev-46704
1767,634.4,6344,2023-01-25 10:42:22.745991424,sharp-meter-782,dev-95646
1768,41.0,246,2023-01-10 06:01:28.037723648,fast-gateway-286,dev-68055
1769,267.114285714286,9349,2023-06-17 08:32:35.814673152,silent-cam-962,dev-16383
1770,41.0,246,2023-06-17 11:05:21.798140416,silent-tracker-471,dev-10750
1771,15.5,31,2023-05-20 02:46:08.510475520,tiny-meter-229,dev-69291
1772,41.0,246,2023-03-18 04:47:36.256111360,bright-meter-950,dev-1599
1773,874.543305243446,3736049,2023-10-20 19:11:26.493244160,smart-meter-963,dev-44666
1774,449.875,39589,2023-03-12 01:35:32.956226816,silent-thermo-784,dev-76770
1775,488.0,6344,2023-08-13 22:53:31.180489984,smart-cam-945,dev-33439
1776,883.958810491319,4785753,2023-06-14 06:58:12.510569472,smart-thermo-576,dev-43252
1777,523.219178082192,38195,2023-08-08 04:36:21.673486592,tiny-meter-483,dev-62206
1778,41.0,246,2023-02-25 15:53:24.390832384,fast-meter-323,dev-44777
1779,521.538461538462,47460,2023-11-24 18:02:25.711172352,smart-thermo-693,dev-48416
1780,41.0,246,2023-07-28 12:33:40.067114752,silent-relay-997,dev-7188
1781,860.359537110934,2156061,2023-08-11 10:28:34.209326336,smart-tracker-701,dev-83883
1782,694.231343283582,93027,2023-10-04 02:08:00.233311488,smart-thermo-311,dev-12588
1783,129.0,2967,2023-08-10 23:12:33.775479040,smart-cam-519,dev-6116
1784,119.96,2999,2023-05-02 17:17:30.024206080,tiny-tracker-760,dev-85388
1785,166.267857142857,18622,2023-07-12 19:38:35.391076864,fast-meter-585,dev-34800
1786,845.195689655172,980427,2023-05-03 13:23:34.031587840,bright-meter-602,dev-62380
1787,225.925925925926,6100,2023-03-02 07:21:07.413819136,bright-tracker-146,dev-30312
1788,910.075510204082,1337811,2023-07-31 14:45:37.961480704,smart-meter-255,dev-15433
1789,41.0,246,2023-08-30 08:00:35.002998784,bright-tracker-627,dev-63802
1790,41.0,246,2023-06-02 08:47:16.403854848,silent-cam-525,dev-49295
1791,241.9375,3871,2023-07-26 01:33:00.109618176,silent-meter-748,dev-65526
1792,41.0,246,2023-02-04 02:42:00.550681600,smart-cam-269,dev-52968
1793,129.0,2967,2023-03-20 23:51:10.278375936,tiny-gateway-404,dev-92027
1794,427.326923076923,22221,2023-01-31 08:17:20.744625408,bright-relay-549,dev-40689
1795,306.977272727273,13507,2023-08-13 19:53:28.422071040,sharp-tracker-273,dev-36013
1796,41.0,246,2023-07-12 18:23:54.692393216,smart-meter-959,dev-20146
1797,304.58064516129,9442,2023-01-19 06:09:14.155028480,fast-cam-218,dev-73997
1798,41.0,246,2023-05-29 01:54:56.845477632,fast-meter-611,dev-21929
1799,41.0,246,2023-05-26 20:40:59.514119424,silent-meter-647,dev-23334
1800,266.479166666667,12791,2023-05-21 12:23:01.189293312,bright-gateway-890,dev-22969
1801,327.428571428571,6876,2023-05-11 21:59:20.770694400,fast-tracker-570,dev-57276
1802,171.196721311475,10443,2023-12-11 19:17:47.344203008,silent-relay-752,dev-65957
1803,293.775,11751,2023-08-12 22:50:33.333844736,sharp-gateway-755,dev-31995
1804,316.225806451613,9803,2023-12-27 10:53:05.362619136,fast-thermo-158,dev-76873
1805,107.9375,1727,2023-04-29 20:18:09.416190208,sharp-relay-746,dev-55030
1806,272.357142857143,7626,2023-01-01 18:55:55.863213312,smart-meter-916,dev-76762
1807,360.539682539683,45428,2023-06-15 01:15:36.411919360,tiny-tracker-223,dev-69409
1808,28.7647058823529,489,2023-01-13 13:21:04.177002240,tiny-tracker-939,dev-9108
1809,833.864818024263,481140,2023-07-29 23:29:39.797027584,fast-relay-311,dev-4564
1810,666.136752136752,77938,2023-01-11 12:48:35.464892672,sharp-tracker-371,dev-88906
1811,383.113636363636,16857,2023-12-01 06:10:28.023838464,bright-cam-555,dev-21817
1812,249.68,6242,2023-08-09 06:55:14.506157568,bright-tracker-437,dev-40159
1813,227.333333333333,5456,2023-05-12 12:59:40.386179840,bright-gateway-756,dev-33478
1814,926.545454545455,499408,2023-09-28 04:35:15.876890368,bright-meter-779,dev-61916
1815,156.304347826087,3595,2023-10-17 12:32:35.052167680,smart-relay-516,dev-99
1816,163.666666666667,3928,2023-02-13 23:07:07.322883328,sharp-relay-510,dev-97431
1817,888.864739884393,3844340,2023-11-14 01:27:01.503422976,tiny-thermo-877,dev-77045
1818,221.16,5529,2023-03-31 06:59:09.242591232,silent-tracker-927,dev-3471
1819,394.574074074074,21307,2023-11-17 19:26:01.118901248,tiny-cam-945,dev-10270
1820,335.105263157895,6367,2023-10-04 12:48:34.152844800,tiny-thermo-933,dev-4947
1821,214.307692307692,5572,2023-06-04 22:32:08.639278848,bright-cam-925,dev-56476
1822,280.478260869565,6451,2023-05-25 21:51:17.656986112,silent-tracker-906,dev-29027
1823,858.787595581988,1010793,2023-11-15 08:46:47.578832384,sharp-gateway-304,dev-51845
1824,391.347826086957,9001,2023-09-11 00:59:15.868289792,smart-thermo-271,dev-88421
1825,293.0,3809,2023-10-13 04:03:31.085377280,tiny-tracker-803,dev-13113
1826,85.8095238095238,1802,2023-09-15 21:05:37.317800704,tiny-relay-207,dev-80382
1827,585.969696969697,77348,2023-12-06 07:50:58.176435712,smart-tracker-539,dev-70583
1828,7.66666666666667,23,2023-06-29 05:29:53.398546944,smart-thermo-963,dev-80481
1829,664.792792792793,73792,2023-02-15 12:42:18.201858560,fast-relay-719,dev-27513
1830,234.913043478261,5403,2023-05-14 17:47:08.235222272,bright-meter-898,dev-56000
1831,225.36,5634,2023-03-30 03:47:34.429523200,silent-cam-213,dev-57628
1832,309.209302325581,13296,2023-04-27 16:00:55.324436992,sharp-thermo-638,dev-99831
1833,193.96875,6207,2023-04-29 19:53:55.864171264,sharp-cam-964,dev-23132
1834,235.684210526316,4478,2023-11-01 22:50:17.051069696,bright-gateway-702,dev-13892
1835,330.923076923077,8604,2023-02-13 13:08:59.704614912,bright-gateway-119,dev-91552
1836,275.620689655172,7993,2023-01-20 07:15:48.607110912,tiny-gateway-199,dev-31179
1837,30.8,462,2023-11-24 18:41:21.431881984,smart-gateway-155,dev-75365
1838,688.845323741007,191499,2023-03-20 10:06:31.211571200,silent-relay-318,dev-84834
1839,232.608695652174,5350,2023-04-15 05:54:31.862567424,sharp-tracker-698,dev-55902
1840,284.05,5681,2023-01-30 19:50:13.841876992,tiny-meter-605,dev-46918
1841,304.625,7311,2023-07-10 17:17:28.851686656,fast-tracker-147,dev-40894
1842,554.292452830189,58755,2023-12-17 19:48:40.547187456,silent-relay-888,dev-82720
1843,143.681818181818,3161,2023-05-12 12:58:35.745184000,sharp-tracker-545,dev-51840
1844,319.461538461538,4153,2023-04-21 11:44:50.907463424,bright-thermo-159,dev-28705
1845,244.185185185185,6593,2023-03-29 13:01:50.483194880,smart-cam-646,dev-11282
1846,259.730769230769,6753,2023-10-01 07:16:11.226687232,sharp-thermo-900,dev-39726
1847,229.72,5743,2023-07-17 22:25:23.563474944,fast-meter-174,dev-21764
1848,242.586206896552,7035,2023-10-03 17:36:17.964618240,tiny-cam-141,dev-50847
1849,75.3978494623656,7012,2023-06-16 01:32:30.528731904,silent-meter-949,dev-30355
1850,203.972972972973,7547,2023-03-16 14:05:04.654540288,bright-tracker-797,dev-28788
1851,1053.49405503883,21973779,2023-03-25 19:15:22.924589824,fast-tracker-983,dev-97582
1852,359.423728813559,21206,2023-04-28 21:30:46.711905280,tiny-gateway-140,dev-77662
1853,376.029411764706,12785,2023-12-16 05:59:06.386205696,silent-relay-574,dev-79606
1854,738.434782608696,203808,2023-12-04 21:45:04.760198912,silent-thermo-774,dev-88802
1855,288.791666666667,6931,2023-03-09 00:55:58.914992128,silent-cam-604,dev-70349
1856,179.428571428571,10048,2023-05-08 00:56:42.422286080,silent-thermo-375,dev-63282
1857,394.448275862069,11439,2023-06-06 06:55:38.078323712,fast-relay-496,dev-80797
1858,340.72,8518,2023-01-06 23:44:03.423147520,fast-relay-861,dev-30553
1859,279.510204081633,13696,2023-02-26 03:41:25.956015872,sharp-gateway-670,dev-86458
1860,376.582417582418,34269,2023-03-06 22:06:25.305414912,bright-cam-223,dev-68065
1861,189.785714285714,5314,2023-05-31 01:10:35.791915264,smart-cam-739,dev-19983
1862,367.25,14690,2023-10-18 03:30:56.577575680,fast-meter-736,dev-49305
1863,229.958333333333,5519,2023-06-05 08:05:48.838824704,tiny-cam-952,dev-70741
1864,328.045454545455,7217,2023-04-03 14:07:46.373905920,smart-meter-477,dev-91067
1865,779.404761904762,65470,2023-10-04 18:09:15.975422464,silent-meter-896,dev-93224
1866,226.28,5657,2023-06-10 13:55:39.146541568,sharp-gateway-187,dev-2488
1867,289.368421052632,5498,2023-11-25 00:49:08.451405312,bright-cam-297,dev-38537
1868,196.615384615385,5112,2023-08-19 22:40:45.517588992,bright-cam-537,dev-36721
1869,146.782608695652,3376,2023-11-28 13:17:33.745298944,bright-gateway-485,dev-57046
1870,276.5,8848,2023-08-27 20:24:04.237955584,silent-relay-799,dev-67594
1871,246.882352941176,8394,2023-03-17 04:34:28.768234496,sharp-meter-750,dev-67757
1872,288.818181818182,6354,2023-05-02 00:20:09.753499392,sharp-cam-516,dev-77402
1873,15.5,31,2023-11-13 11:20:47.290538240,bright-meter-307,dev-38873
1874,252.090909090909,5546,2023-02-07 04:13:44.810364928,sharp-relay-227,dev-40407
1875,7.66666666666667,23,2023-09-01 21:57:26.361757696,silent-gateway-352,dev-34666
1876,269.789473684211,5126,2023-07-14 14:46:30.816220416,smart-cam-121,dev-45793
1877,229.2,5730,2023-04-07 09:19:02.181172736,smart-meter-855,dev-76191
1878,222.84,5571,2023-01-20 22:08:06.411041280,bright-tracker-242,dev-41355
1879,271.130434782609,12472,2023-02-15 09:02:55.240929792,bright-meter-997,dev-11692
1880,236.826086956522,5447,2023-03-11 16:33:28.975908608,tiny-relay-814,dev-39017
1881,156.55737704918,38200,2023-09-11 03:14:35.752484608,silent-gateway-573,dev-77650
1882,122.518518518519,3308,2023-02-23 19:06:28.800598784,smart-gateway-486,dev-10972
1883,232.037037037037,6265,2023-07-18 13:24:17.774142720,silent-gateway-696,dev-71062
1884,152.657142857143,16029,2023-08-18 21:58:25.667343616,bright-meter-650,dev-80588
1885,166.333333333333,3493,2023-04-15 07:46:00.942640384,bright-cam-346,dev-95029
1886,331.365853658537,13586,2023-01-16 05:00:11.434399488,tiny-cam-915,dev-66695
1887,230.181818181818,7596,2023-02-16 06:17:35.922680064,tiny-thermo-978,dev-84111
1888,666.392857142857,74636,2023-05-13 11:47:22.590810112,tiny-cam-747,dev-43208
1889,355.6,8890,2023-02-18 12:14:15.605573120,silent-relay-571,dev-12992
1890,551.223880597015,36932,2023-05-19 14:27:14.632791296,silent-thermo-531,dev-87667
1891,1091.70566062296,201287598,2023-09-04 13:43:13.732154624,silent-relay-621,dev-81436
1892,198.214953271028,42418,2023-01-16 22:20:30.139178240,silent-gateway-668,dev-90733
1893,283.521739130435,6521,2023-10-21 04:21:06.040754944,bright-relay-867,dev-82078
1894,423.890410958904,30944,2023-12-26 04:42:27.060807936,fast-thermo-733,dev-95401
1895,734.094339622642,194535,2023-05-27 02:21:53.569223680,smart-meter-508,dev-24784
1896,230.269230769231,5987,2023-11-20 07:48:14.193858048,sharp-relay-853,dev-57313
1897,255.863636363636,5629,2023-06-21 14:59:47.164889600,tiny-relay-581,dev-49003
1898,185.806451612903,5760,2023-12-25 10:17:40.092186112,sharp-meter-345,dev-55993
1899,645.633898305085,190462,2023-01-30 11:39:13.404771072,tiny-thermo-594,dev-35709
